ï»¿num_expediente;fecha;hora;localizacion;numero;cod_distrito;distrito;tipo_accidente;estado_meteorolÃ³gico;tipo_vehiculo;tipo_persona;rango_edad;sexo;cod_lesividad;lesividad;coordenada_x_utm;coordenada_y_utm;positiva_alcohol;positiva_droga;__origen__;__descarga__
 8;8;15;CIUDAD LINEAL;ColisiÃ³n fronto-lateral;Despejado;Turismo;Conductor;De 45 a 49 aÃ±os;Hombre;14.0;Sin asistencia sanitaria;445740.0;4476666.0;S;;https://datos.madrid.es/portal/site/egob/menuitem.c05c1f754a33a9fbe4b2e4b284f1a5a0/?vgnextoid=7c2843010d9c3610VgnVCM2000001f4a900aRCRD&vgnextchannel=374512b9ace9f310VgnVCM100000171f5a0aRCRD&vgnextfmt=default;https://datos.madrid.es/egob/catalogo/300228-30-accidentes-trafico-detalle.csv
 8;8;15;CIUDAD LINEAL;ColisiÃ³n fronto-lateral;Despejado;Turismo;Conductor;Desconocido;Desconocido;;;445740.0;4476666.0;N;;https://datos.madrid.es/portal/site/egob/menuitem.c05c1f754a33a9fbe4b2e4b284f1a5a0/?vgnextoid=7c2843010d9c3610VgnVCM2000001f4a900aRCRD&vgnextchannel=374512b9ace9f310VgnVCM100000171f5a0aRCRD&vgnextfmt=default;https://datos.madrid.es/egob/catalogo/300228-30-accidentes-trafico-detalle.csv
 8;8;15;CIUDAD LINEAL;ColisiÃ³n fronto-lateral;Despejado;Turismo;Conductor;Desconocido;Desconocido;;;445740.0;4476666.0;N;;https://datos.madrid.es/portal/site/egob/menuitem.c05c1f754a33a9fbe4b2e4b284f1a5a0/?vgnextoid=7c2843010d9c3610VgnVCM2000001f4a900aRCRD&vgnextchannel=374512b9ace9f310VgnVCM100000171f5a0aRCRD&vgnextfmt=default;https://datos.madrid.es/egob/catalogo/300228-30-accidentes-trafico-detalle.csv
""
""
""
""
""
""
""
