ï»¿Secuencia;CÃ³digo Centro;Centro;CÃ³digo Distrito Centro;Distrito Centro;CÃ³digo Distrito;Distrito;CÃ³digo Barrio;Barrio;SecciÃ³n Censal;Tramo Edad;Nacionalidad;Sexo;CÃ³digo Tipo AtenciÃ³n;Tipo AtenciÃ³n;CÃ³digo Tipo Supuesto Urgente;Tipo Supuesto Urgente;Fecha Cita;__fuente
1896;70;CSS Puerta de Toledo;1;CENTRO;1;CENTRO;101;PALACIO;9;50 - 54;EspaÃ±ola;H;2;Zona / Historia Social;40.0;Desproteccion social problema salud;01/08/2025;https://datos.madrid.es:443/egobfiles/MANUAL/300304/servicios_sociales_urgencias_2025.csv
1897;70;CSS Puerta de Toledo;1;CENTRO;1;CENTRO;101;PALACIO;11;75 - 79;EspaÃ±ola;M;2;Zona / Historia Social;40.0;Desproteccion social problema salud;01/08/2025;https://datos.madrid.es:443/egobfiles/MANUAL/300304/servicios_sociales_urgencias_2025.csv
1898;70;CSS Puerta de Toledo;1;CENTRO;1;CENTRO;101;PALACIO;15;50 - 54;EspaÃ±ola;M;2;Zona / Historia Social;50.0;DesprotecciÃ³n socio-familiar;01/08/2025;https://datos.madrid.es:443/egobfiles/MANUAL/300304/servicios_sociales_urgencias_2025.csv
1911;70;CSS Puerta de Toledo;1;CENTRO;1;CENTRO;101;PALACIO;18;80 - 84;EspaÃ±ola;M;2;Zona / Historia Social;40.0;Desproteccion social problema salud;04/08/2025;https://datos.madrid.es:443/egobfiles/MANUAL/300304/servicios_sociales_urgencias_2025.csv
1939;70;CSS Puerta de Toledo;1;CENTRO;1;CENTRO;101;PALACIO;2;55 - 59;EspaÃ±ola;M;2;Zona / Historia Social;40.0;Desproteccion social problema salud;06/08/2025;https://datos.madrid.es:443/egobfiles/MANUAL/300304/servicios_sociales_urgencias_2025.csv
1948;71;CSS Maravillas;1;CENTRO;1;CENTRO;105;UNIVERSIDAD;99;65 - 69;EspaÃ±ola;H;2;Zona / Historia Social;30.0;Alojamiento/Vivienda;07/08/2025;https://datos.madrid.es:443/egobfiles/MANUAL/300304/servicios_sociales_urgencias_2025.csv
1949;71;CSS Maravillas;1;CENTRO;1;CENTRO;105;UNIVERSIDAD;91;80 - 84;EspaÃ±ola;M;2;Zona / Historia Social;50.0;DesprotecciÃ³n socio-familiar;07/08/2025;https://datos.madrid.es:443/egobfiles/MANUAL/300304/servicios_sociales_urgencias_2025.csv
1950;70;CSS Puerta de Toledo;1;CENTRO;1;CENTRO;101;PALACIO;4;18 - 24;Extranjera;M;2;Zona / Historia Social;50.0;DesprotecciÃ³n socio-familiar;07/08/2025;https://datos.madrid.es:443/egobfiles/MANUAL/300304/servicios_sociales_urgencias_2025.csv
1975;70;CSS Puerta de Toledo;1;CENTRO;1;CENTRO;102;EMBAJADORES;48;75 - 79;EspaÃ±ola;H;2;Zona / Historia Social;40.0;Desproteccion social problema salud;11/08/2025;https://datos.madrid.es:443/egobfiles/MANUAL/300304/servicios_sociales_urgencias_2025.csv
1973;71;CSS Maravillas;1;CENTRO;1;CENTRO;105;UNIVERSIDAD;103;60 - 64;Extranjera;M;2;Zona / Historia Social;40.0;Desproteccion social problema salud;11/08/2025;https://datos.madrid.es:443/egobfiles/MANUAL/300304/servicios_sociales_urgencias_2025.csv
