ï»¿AÃO;MES;DISTRITO;CODIGO DISTRITO;FUEGOS;DAÃOS EN CONSTRUCCION;SALVAMENTOS Y RESCATES;DAÃOS POR AGUA;INCIDENTES DIVERSOS;SALIDAS SIN INTERVENCION;SERVICIOS VARIOS;__origen_ficha__;__descarga__;ï»¿AÃ±o;Mes;Hora Solicitud;Hora IntervenciÃ³n;CÃ³digo;Distrito;Hospital;ï»¿Secuencia;CÃ³digo Centro;Centro;CÃ³digo Distrito Centro;Distrito Centro;CÃ³digo Distrito;CÃ³digo Barrio;Barrio;SecciÃ³n Censal;Tramo Edad;Nacionalidad;Sexo;CÃ³digo Tipo AtenciÃ³n;Tipo AtenciÃ³n;CÃ³digo Tipo Supuesto Urgente;Tipo Supuesto Urgente;Fecha Cita
2025.0;septiembre;CENTRO;1.0;304.0;256.0;537.0;276.0;460.0;98.0;121.0;https://datos.madrid.es/portal/site/egob/menuitem.c05c1f754a33a9fbe4b2e4b284f1a5a0/?vgnextoid=fa677996afc6f510VgnVCM1000001d4a900aRCRD&vgnextchannel=374512b9ace9f310VgnVCM100000171f5a0aRCRD&vgnextfmt=default;https://datos.madrid.es/egob/catalogo/300177-16-bomberos-actuaciones.csv;;;;;;;;;;;;;;;;;;;;;;;;
2025.0;septiembre;ARGANZUELA;2.0;177.0;79.0;309.0;115.0;331.0;43.0;46.0;https://datos.madrid.es/portal/site/egob/menuitem.c05c1f754a33a9fbe4b2e4b284f1a5a0/?vgnextoid=fa677996afc6f510VgnVCM1000001d4a900aRCRD&vgnextchannel=374512b9ace9f310VgnVCM100000171f5a0aRCRD&vgnextfmt=default;https://datos.madrid.es/egob/catalogo/300177-16-bomberos-actuaciones.csv;;;;;;;;;;;;;;;;;;;;;;;;
2025.0;septiembre;RETIRO;3.0;86.0;71.0;213.0;82.0;195.0;38.0;25.0;https://datos.madrid.es/portal/site/egob/menuitem.c05c1f754a33a9fbe4b2e4b284f1a5a0/?vgnextoid=fa677996afc6f510VgnVCM1000001d4a900aRCRD&vgnextchannel=374512b9ace9f310VgnVCM100000171f5a0aRCRD&vgnextfmt=default;https://datos.madrid.es/egob/catalogo/300177-16-bomberos-actuaciones.csv;;;;;;;;;;;;;;;;;;;;;;;;
2025.0;septiembre;SALAMANCA;4.0;130.0;126.0;380.0;175.0;306.0;54.0;48.0;https://datos.madrid.es/portal/site/egob/menuitem.c05c1f754a33a9fbe4b2e4b284f1a5a0/?vgnextoid=fa677996afc6f510VgnVCM1000001d4a900aRCRD&vgnextchannel=374512b9ace9f310VgnVCM100000171f5a0aRCRD&vgnextfmt=default;https://datos.madrid.es/egob/catalogo/300177-16-bomberos-actuaciones.csv;;;;;;;;;;;;;;;;;;;;;;;;
2025.0;septiembre;CHAMARTIN;5.0;126.0;59.0;306.0;132.0;309.0;52.0;41.0;https://datos.madrid.es/portal/site/egob/menuitem.c05c1f754a33a9fbe4b2e4b284f1a5a0/?vgnextoid=fa677996afc6f510VgnVCM1000001d4a900aRCRD&vgnextchannel=374512b9ace9f310VgnVCM100000171f5a0aRCRD&vgnextfmt=default;https://datos.madrid.es/egob/catalogo/300177-16-bomberos-actuaciones.csv;;;;;;;;;;;;;;;;;;;;;;;;
2025.0;septiembre;TETUAN;6.0;193.0;115.0;361.0;198.0;265.0;50.0;39.0;https://datos.madrid.es/portal/site/egob/menuitem.c05c1f754a33a9fbe4b2e4b284f1a5a0/?vgnextoid=fa677996afc6f510VgnVCM1000001d4a900aRCRD&vgnextchannel=374512b9ace9f310VgnVCM100000171f5a0aRCRD&vgnextfmt=default;https://datos.madrid.es/egob/catalogo/300177-16-bomberos-actuaciones.csv;;;;;;;;;;;;;;;;;;;;;;;;
2025.0;septiembre;CHAMBERI;7.0;163.0;139.0;381.0;134.0;272.0;47.0;36.0;https://datos.madrid.es/portal/site/egob/menuitem.c05c1f754a33a9fbe4b2e4b284f1a5a0/?vgnextoid=fa677996afc6f510VgnVCM1000001d4a900aRCRD&vgnextchannel=374512b9ace9f310VgnVCM100000171f5a0aRCRD&vgnextfmt=default;https://datos.madrid.es/egob/catalogo/300177-16-bomberos-actuaciones.csv;;;;;;;;;;;;;;;;;;;;;;;;
2025.0;septiembre;FUENCARRAL-EL PARDO;8.0;348.0;84.0;440.0;149.0;503.0;71.0;69.0;https://datos.madrid.es/portal/site/egob/menuitem.c05c1f754a33a9fbe4b2e4b284f1a5a0/?vgnextoid=fa677996afc6f510VgnVCM1000001d4a900aRCRD&vgnextchannel=374512b9ace9f310VgnVCM100000171f5a0aRCRD&vgnextfmt=default;https://datos.madrid.es/egob/catalogo/300177-16-bomberos-actuaciones.csv;;;;;;;;;;;;;;;;;;;;;;;;
2025.0;septiembre;MONCLOA-ARAVACA;9.0;146.0;56.0;304.0;120.0;405.0;52.0;66.0;https://datos.madrid.es/portal/site/egob/menuitem.c05c1f754a33a9fbe4b2e4b284f1a5a0/?vgnextoid=fa677996afc6f510VgnVCM1000001d4a900aRCRD&vgnextchannel=374512b9ace9f310VgnVCM100000171f5a0aRCRD&vgnextfmt=default;https://datos.madrid.es/egob/catalogo/300177-16-bomberos-actuaciones.csv;;;;;;;;;;;;;;;;;;;;;;;;
2025.0;septiembre;LATINA;10.0;260.0;84.0;474.0;167.0;414.0;57.0;57.0;https://datos.madrid.es/portal/site/egob/menuitem.c05c1f754a33a9fbe4b2e4b284f1a5a0/?vgnextoid=fa677996afc6f510VgnVCM1000001d4a900aRCRD&vgnextchannel=374512b9ace9f310VgnVCM100000171f5a0aRCRD&vgnextfmt=default;https://datos.madrid.es/egob/catalogo/300177-16-bomberos-actuaciones.csv;;;;;;;;;;;;;;;;;;;;;;;;
