ï»¿num_expediente;fecha;hora;localizacion;numero;cod_distrito;distrito;tipo_accidente;estado_meteorolÃ³gico;tipo_vehiculo;tipo_persona;rango_edad;sexo;cod_lesividad;lesividad;coordenada_x_utm;coordenada_y_utm;positiva_alcohol;positiva_droga;__origen__;__descarga__
2025S000076;01/01/2025;8:00:00;CALL. MISTERIOS, 8;8;15;CIUDAD LINEAL;ColisiÃ³n fronto-lateral;Despejado;Turismo;Conductor;De 45 a 49 aÃ±os;Hombre;14.0;Sin asistencia sanitaria;445740.0;4476666.0;S;;https://datos.madrid.es/portal/site/egob/menuitem.c05c1f754a33a9fbe4b2e4b284f1a5a0/?vgnextoid=7c2843010d9c3610VgnVCM2000001f4a900aRCRD&vgnextchannel=374512b9ace9f310VgnVCM100000171f5a0aRCRD&vgnextfmt=default;https://datos.madrid.es/egob/catalogo/300228-30-accidentes-trafico-detalle.csv
2025S000076;01/01/2025;8:00:00;CALL. MISTERIOS, 8;8;15;CIUDAD LINEAL;ColisiÃ³n fronto-lateral;Despejado;Turismo;Conductor;Desconocido;Desconocido;;;445740.0;4476666.0;N;;https://datos.madrid.es/portal/site/egob/menuitem.c05c1f754a33a9fbe4b2e4b284f1a5a0/?vgnextoid=7c2843010d9c3610VgnVCM2000001f4a900aRCRD&vgnextchannel=374512b9ace9f310VgnVCM100000171f5a0aRCRD&vgnextfmt=default;https://datos.madrid.es/egob/catalogo/300228-30-accidentes-trafico-detalle.csv
2025S000076;01/01/2025;8:00:00;CALL. MISTERIOS, 8;8;15;CIUDAD LINEAL;ColisiÃ³n fronto-lateral;Despejado;Turismo;Conductor;Desconocido;Desconocido;;;445740.0;4476666.0;N;;https://datos.madrid.es/portal/site/egob/menuitem.c05c1f754a33a9fbe4b2e4b284f1a5a0/?vgnextoid=7c2843010d9c3610VgnVCM2000001f4a900aRCRD&vgnextchannel=374512b9ace9f310VgnVCM100000171f5a0aRCRD&vgnextfmt=default;https://datos.madrid.es/egob/catalogo/300228-30-accidentes-trafico-detalle.csv
2025S011682;01/02/2025;8:00:00;CALL. CALAHORRA / CALL. CASALARREINA;74;19;VICÃLVARO;ColisiÃ³n fronto-lateral;Despejado;Turismo;Conductor;Desconocido;Desconocido;;;447978.0;4473329.0;N;;https://datos.madrid.es/portal/site/egob/menuitem.c05c1f754a33a9fbe4b2e4b284f1a5a0/?vgnextoid=7c2843010d9c3610VgnVCM2000001f4a900aRCRD&vgnextchannel=374512b9ace9f310VgnVCM100000171f5a0aRCRD&vgnextfmt=default;https://datos.madrid.es/egob/catalogo/300228-30-accidentes-trafico-detalle.csv
2025S011682;01/02/2025;8:00:00;CALL. CALAHORRA / CALL. CASALARREINA;74;19;VICÃLVARO;ColisiÃ³n fronto-lateral;Despejado;Turismo;Conductor;Desconocido;Desconocido;;;447978.0;4473329.0;N;;https://datos.madrid.es/portal/site/egob/menuitem.c05c1f754a33a9fbe4b2e4b284f1a5a0/?vgnextoid=7c2843010d9c3610VgnVCM2000001f4a900aRCRD&vgnextchannel=374512b9ace9f310VgnVCM100000171f5a0aRCRD&vgnextfmt=default;https://datos.madrid.es/egob/catalogo/300228-30-accidentes-trafico-detalle.csv
2025S011682;01/02/2025;8:00:00;CALL. CALAHORRA / CALL. CASALARREINA;74;19;VICÃLVARO;ColisiÃ³n fronto-lateral;Despejado;Turismo;Conductor;Desconocido;Desconocido;;;447978.0;4473329.0;N;;https://datos.madrid.es/portal/site/egob/menuitem.c05c1f754a33a9fbe4b2e4b284f1a5a0/?vgnextoid=7c2843010d9c3610VgnVCM2000001f4a900aRCRD&vgnextchannel=374512b9ace9f310VgnVCM100000171f5a0aRCRD&vgnextfmt=default;https://datos.madrid.es/egob/catalogo/300228-30-accidentes-trafico-detalle.csv
2025S050501;02/05/2025;8:00:00;AVDA. POBLADOS / CALL. CONSUELO GUZMAN;74;11;CARABANCHEL;ColisiÃ³n fronto-lateral;LLuvia intensa;Turismo;Conductor;De 25 a 29 aÃ±os;Hombre;;;436001.0;4469890.0;S;;https://datos.madrid.es/portal/site/egob/menuitem.c05c1f754a33a9fbe4b2e4b284f1a5a0/?vgnextoid=7c2843010d9c3610VgnVCM2000001f4a900aRCRD&vgnextchannel=374512b9ace9f310VgnVCM100000171f5a0aRCRD&vgnextfmt=default;https://datos.madrid.es/egob/catalogo/300228-30-accidentes-trafico-detalle.csv
2025S050501;02/05/2025;8:00:00;AVDA. POBLADOS / CALL. CONSUELO GUZMAN;74;11;CARABANCHEL;ColisiÃ³n fronto-lateral;LLuvia intensa;Turismo;Conductor;Desconocido;Desconocido;;;436001.0;4469890.0;N;;https://datos.madrid.es/portal/site/egob/menuitem.c05c1f754a33a9fbe4b2e4b284f1a5a0/?vgnextoid=7c2843010d9c3610VgnVCM2000001f4a900aRCRD&vgnextchannel=374512b9ace9f310VgnVCM100000171f5a0aRCRD&vgnextfmt=default;https://datos.madrid.es/egob/catalogo/300228-30-accidentes-trafico-detalle.csv
2025S050501;02/05/2025;8:00:00;AVDA. POBLADOS / CALL. CONSUELO GUZMAN;74;11;CARABANCHEL;ColisiÃ³n fronto-lateral;LLuvia intensa;Turismo;Pasajero;De 25 a 29 aÃ±os;Hombre;;;436001.0;4469890.0;N;;https://datos.madrid.es/portal/site/egob/menuitem.c05c1f754a33a9fbe4b2e4b284f1a5a0/?vgnextoid=7c2843010d9c3610VgnVCM2000001f4a900aRCRD&vgnextchannel=374512b9ace9f310VgnVCM100000171f5a0aRCRD&vgnextfmt=default;https://datos.madrid.es/egob/catalogo/300228-30-accidentes-trafico-detalle.csv
2025S050501;02/05/2025;8:00:00;AVDA. POBLADOS / CALL. CONSUELO GUZMAN;74;11;CARABANCHEL;ColisiÃ³n fronto-lateral;LLuvia intensa;Turismo;Pasajero;De 25 a 29 aÃ±os;Mujer;;;436001.0;4469890.0;N;;https://datos.madrid.es/portal/site/egob/menuitem.c05c1f754a33a9fbe4b2e4b284f1a5a0/?vgnextoid=7c2843010d9c3610VgnVCM2000001f4a900aRCRD&vgnextchannel=374512b9ace9f310VgnVCM100000171f5a0aRCRD&vgnextfmt=default;https://datos.madrid.es/egob/catalogo/300228-30-accidentes-trafico-detalle.csv
2025S012216;03/02/2025;8:00:00;AVDA. CANILLEJAS A VICALVARO, 193;193;20;SAN BLAS-CANILLEJAS;Alcance;Despejado;Turismo;Conductor;De 65 a 69 aÃ±os;Hombre;;;448216.0;4473941.0;N;;https://datos.madrid.es/portal/site/egob/menuitem.c05c1f754a33a9fbe4b2e4b284f1a5a0/?vgnextoid=7c2843010d9c3610VgnVCM2000001f4a900aRCRD&vgnextchannel=374512b9ace9f310VgnVCM100000171f5a0aRCRD&vgnextfmt=default;https://datos.madrid.es/egob/catalogo/300228-30-accidentes-trafico-detalle.csv
2025S012216;03/02/2025;8:00:00;AVDA. CANILLEJAS A VICALVARO, 193;193;20;SAN BLAS-CANILLEJAS;Alcance;Despejado;Furgoneta;Conductor;De 30 a 34 aÃ±os;Hombre;;;448216.0;4473941.0;N;;https://datos.madrid.es/portal/site/egob/menuitem.c05c1f754a33a9fbe4b2e4b284f1a5a0/?vgnextoid=7c2843010d9c3610VgnVCM2000001f4a900aRCRD&vgnextchannel=374512b9ace9f310VgnVCM100000171f5a0aRCRD&vgnextfmt=default;https://datos.madrid.es/egob/catalogo/300228-30-accidentes-trafico-detalle.csv
2025S065582;03/06/2025;8:00:00;CALL. ORENSE, 1;1;6;TETUÃN;ColisiÃ³n lateral;Despejado;CamiÃ³n rÃ­gido;Conductor;De 40 a 44 aÃ±os;Hombre;14.0;Sin asistencia sanitaria;441015.0;4477629.0;N;;https://datos.madrid.es/portal/site/egob/menuitem.c05c1f754a33a9fbe4b2e4b284f1a5a0/?vgnextoid=7c2843010d9c3610VgnVCM2000001f4a900aRCRD&vgnextchannel=374512b9ace9f310VgnVCM100000171f5a0aRCRD&vgnextfmt=default;https://datos.madrid.es/egob/catalogo/300228-30-accidentes-trafico-detalle.csv
2025S065582;03/06/2025;8:00:00;CALL. ORENSE, 1;1;6;TETUÃN;ColisiÃ³n lateral;Despejado;Turismo;Conductor;De 30 a 34 aÃ±os;Mujer;14.0;Sin asistencia sanitaria;441015.0;4477629.0;N;;https://datos.madrid.es/portal/site/egob/menuitem.c05c1f754a33a9fbe4b2e4b284f1a5a0/?vgnextoid=7c2843010d9c3610VgnVCM2000001f4a900aRCRD&vgnextchannel=374512b9ace9f310VgnVCM100000171f5a0aRCRD&vgnextfmt=default;https://datos.madrid.es/egob/catalogo/300228-30-accidentes-trafico-detalle.csv
2025S012765;04/02/2025;8:00:00;CALL. MONTESA, 8;8;4;SALAMANCA;CaÃ­da;;VMU elÃ©ctrico;Conductor;De 30 a 34 aÃ±os;Hombre;;;442963.0;4475372.0;N;;https://datos.madrid.es/portal/site/egob/menuitem.c05c1f754a33a9fbe4b2e4b284f1a5a0/?vgnextoid=7c2843010d9c3610VgnVCM2000001f4a900aRCRD&vgnextchannel=374512b9ace9f310VgnVCM100000171f5a0aRCRD&vgnextfmt=default;https://datos.madrid.es/egob/catalogo/300228-30-accidentes-trafico-detalle.csv
2025S025122;04/03/2025;8:00:00;AUTOV. M-30 CALZADA EXT LAT PK 7700;07XL70;14;MORATALAZ;ColisiÃ³n lateral;Nublado;Furgoneta;Conductor;De 50 a 54 aÃ±os;Hombre;14.0;Sin asistencia sanitaria;444089.0;4474217.0;N;;https://datos.madrid.es/portal/site/egob/menuitem.c05c1f754a33a9fbe4b2e4b284f1a5a0/?vgnextoid=7c2843010d9c3610VgnVCM2000001f4a900aRCRD&vgnextchannel=374512b9ace9f310VgnVCM100000171f5a0aRCRD&vgnextfmt=default;https://datos.madrid.es/egob/catalogo/300228-30-accidentes-trafico-detalle.csv
2025S025122;04/03/2025;8:00:00;AUTOV. M-30 CALZADA EXT LAT PK 7700;07XL70;14;MORATALAZ;ColisiÃ³n lateral;Nublado;Furgoneta;Conductor;De 30 a 34 aÃ±os;Hombre;14.0;Sin asistencia sanitaria;444089.0;4474217.0;N;;https://datos.madrid.es/portal/site/egob/menuitem.c05c1f754a33a9fbe4b2e4b284f1a5a0/?vgnextoid=7c2843010d9c3610VgnVCM2000001f4a900aRCRD&vgnextchannel=374512b9ace9f310VgnVCM100000171f5a0aRCRD&vgnextfmt=default;https://datos.madrid.es/egob/catalogo/300228-30-accidentes-trafico-detalle.csv
2025S025010;04/03/2025;8:00:00;AUTOV. A-42, +00500E;+00500E;12;USERA;ColisiÃ³n lateral;Nublado;Turismo;Conductor;De 65 a 69 aÃ±os;Hombre;14.0;Sin asistencia sanitaria;438988.0;4470320.0;N;;https://datos.madrid.es/portal/site/egob/menuitem.c05c1f754a33a9fbe4b2e4b284f1a5a0/?vgnextoid=7c2843010d9c3610VgnVCM2000001f4a900aRCRD&vgnextchannel=374512b9ace9f310VgnVCM100000171f5a0aRCRD&vgnextfmt=default;https://datos.madrid.es/egob/catalogo/300228-30-accidentes-trafico-detalle.csv
2025S025010;04/03/2025;8:00:00;AUTOV. A-42, +00500E;+00500E;12;USERA;ColisiÃ³n lateral;Nublado;Furgoneta;Conductor;De 35 a 39 aÃ±os;Hombre;;;438988.0;4470320.0;N;;https://datos.madrid.es/portal/site/egob/menuitem.c05c1f754a33a9fbe4b2e4b284f1a5a0/?vgnextoid=7c2843010d9c3610VgnVCM2000001f4a900aRCRD&vgnextchannel=374512b9ace9f310VgnVCM100000171f5a0aRCRD&vgnextfmt=default;https://datos.madrid.es/egob/catalogo/300228-30-accidentes-trafico-detalle.csv
2025S051499;04/05/2025;8:00:00;CALL. CRUZ / CALL. ESPOZ Y MINA;22;1;CENTRO;Atropello a persona;Nublado;CamiÃ³n rÃ­gido;PeatÃ³n;De 35 a 39 aÃ±os;Hombre;5.0;Asistencia sanitaria ambulatoria con posterioridad;440416.0;4474073.0;N;;https://datos.madrid.es/portal/site/egob/menuitem.c05c1f754a33a9fbe4b2e4b284f1a5a0/?vgnextoid=7c2843010d9c3610VgnVCM2000001f4a900aRCRD&vgnextchannel=374512b9ace9f310VgnVCM100000171f5a0aRCRD&vgnextfmt=default;https://datos.madrid.es/egob/catalogo/300228-30-accidentes-trafico-detalle.csv
2025S051499;04/05/2025;8:00:00;CALL. CRUZ / CALL. ESPOZ Y MINA;22;1;CENTRO;Atropello a persona;Nublado;CamiÃ³n rÃ­gido;Conductor;De 55 a 59 aÃ±os;Hombre;14.0;Sin asistencia sanitaria;440416.0;4474073.0;N;;https://datos.madrid.es/portal/site/egob/menuitem.c05c1f754a33a9fbe4b2e4b284f1a5a0/?vgnextoid=7c2843010d9c3610VgnVCM2000001f4a900aRCRD&vgnextchannel=374512b9ace9f310VgnVCM100000171f5a0aRCRD&vgnextfmt=default;https://datos.madrid.es/egob/catalogo/300228-30-accidentes-trafico-detalle.csv
2025S089272;04/08/2025;8:00:00;CALL. MANUEL BARTOLOME COSSIO, 6;6;9;MONCLOA-ARAVACA;ColisiÃ³n lateral;Despejado;Turismo;Conductor;Desconocido;Desconocido;;;438894.0;4477067.0;N;;https://datos.madrid.es/portal/site/egob/menuitem.c05c1f754a33a9fbe4b2e4b284f1a5a0/?vgnextoid=7c2843010d9c3610VgnVCM2000001f4a900aRCRD&vgnextchannel=374512b9ace9f310VgnVCM100000171f5a0aRCRD&vgnextfmt=default;https://datos.madrid.es/egob/catalogo/300228-30-accidentes-trafico-detalle.csv
2025S089272;04/08/2025;8:00:00;CALL. MANUEL BARTOLOME COSSIO, 6;6;9;MONCLOA-ARAVACA;ColisiÃ³n lateral;Despejado;Turismo;Conductor;De 35 a 39 aÃ±os;Mujer;;;438894.0;4477067.0;N;;https://datos.madrid.es/portal/site/egob/menuitem.c05c1f754a33a9fbe4b2e4b284f1a5a0/?vgnextoid=7c2843010d9c3610VgnVCM2000001f4a900aRCRD&vgnextchannel=374512b9ace9f310VgnVCM100000171f5a0aRCRD&vgnextfmt=default;https://datos.madrid.es/egob/catalogo/300228-30-accidentes-trafico-detalle.csv
2025S066628;05/06/2025;8:00:00;CALL. JOSE GUTIERREZ MAROTO / CALL. EMBALSE DE NAVACERRADA;1;18;VILLA DE VALLECAS;CaÃ­da;Despejado;Turismo;Conductor;Desconocido;Desconocido;;;448663.0;4468331.0;N;;https://datos.madrid.es/portal/site/egob/menuitem.c05c1f754a33a9fbe4b2e4b284f1a5a0/?vgnextoid=7c2843010d9c3610VgnVCM2000001f4a900aRCRD&vgnextchannel=374512b9ace9f310VgnVCM100000171f5a0aRCRD&vgnextfmt=default;https://datos.madrid.es/egob/catalogo/300228-30-accidentes-trafico-detalle.csv
2025S066628;05/06/2025;8:00:00;CALL. JOSE GUTIERREZ MAROTO / CALL. EMBALSE DE NAVACERRADA;1;18;VILLA DE VALLECAS;CaÃ­da;Despejado;Motocicleta > 125cc;Conductor;De 40 a 44 aÃ±os;Hombre;7.0;Asistencia sanitaria sÃ³lo en el lugar del accidente;448663.0;4468331.0;N;;https://datos.madrid.es/portal/site/egob/menuitem.c05c1f754a33a9fbe4b2e4b284f1a5a0/?vgnextoid=7c2843010d9c3610VgnVCM2000001f4a900aRCRD&vgnextchannel=374512b9ace9f310VgnVCM100000171f5a0aRCRD&vgnextfmt=default;https://datos.madrid.es/egob/catalogo/300228-30-accidentes-trafico-detalle.csv
2025S001325;06/01/2025;8:00:00;AVDA. LUIS ARAGONES, 18;18;20;SAN BLAS-CANILLEJAS;Solo salida de la vÃ­a;Lluvia dÃ©bil;Turismo;Conductor;De 25 a 29 aÃ±os;Hombre;6.0;Asistencia sanitaria inmediata en centro de salud o mutua;448914.0;4476745.0;N;;https://datos.madrid.es/portal/site/egob/menuitem.c05c1f754a33a9fbe4b2e4b284f1a5a0/?vgnextoid=7c2843010d9c3610VgnVCM2000001f4a900aRCRD&vgnextchannel=374512b9ace9f310VgnVCM100000171f5a0aRCRD&vgnextfmt=default;https://datos.madrid.es/egob/catalogo/300228-30-accidentes-trafico-detalle.csv
2025S067144;06/06/2025;8:00:00;CALL. ALCALA / CALL. SAN ROMUALDO;522;20;SAN BLAS-CANILLEJAS;ColisiÃ³n lateral;Despejado;Motocicleta hasta 125cc;Conductor;De 25 a 29 aÃ±os;Hombre;7.0;Asistencia sanitaria sÃ³lo en el lugar del accidente;447135.0;4476992.0;N;;https://datos.madrid.es/portal/site/egob/menuitem.c05c1f754a33a9fbe4b2e4b284f1a5a0/?vgnextoid=7c2843010d9c3610VgnVCM2000001f4a900aRCRD&vgnextchannel=374512b9ace9f310VgnVCM100000171f5a0aRCRD&vgnextfmt=default;https://datos.madrid.es/egob/catalogo/300228-30-accidentes-trafico-detalle.csv
2025S067144;06/06/2025;8:00:00;CALL. ALCALA / CALL. SAN ROMUALDO;522;20;SAN BLAS-CANILLEJAS;ColisiÃ³n lateral;Despejado;Turismo;Conductor;De 35 a 39 aÃ±os;Mujer;14.0;Sin asistencia sanitaria;447135.0;4476992.0;N;;https://datos.madrid.es/portal/site/egob/menuitem.c05c1f754a33a9fbe4b2e4b284f1a5a0/?vgnextoid=7c2843010d9c3610VgnVCM2000001f4a900aRCRD&vgnextchannel=374512b9ace9f310VgnVCM100000171f5a0aRCRD&vgnextfmt=default;https://datos.madrid.es/egob/catalogo/300228-30-accidentes-trafico-detalle.csv
2025S067147;06/06/2025;8:00:00;CALL. ALBERTO AGUILERA / GTA. RUIZ JIMENEZ;1;1;CENTRO;ColisiÃ³n fronto-lateral;Despejado;Motocicleta hasta 125cc;Conductor;De 55 a 59 aÃ±os;Hombre;6.0;Asistencia sanitaria inmediata en centro de salud o mutua;440088.0;4475676.0;N;;https://datos.madrid.es/portal/site/egob/menuitem.c05c1f754a33a9fbe4b2e4b284f1a5a0/?vgnextoid=7c2843010d9c3610VgnVCM2000001f4a900aRCRD&vgnextchannel=374512b9ace9f310VgnVCM100000171f5a0aRCRD&vgnextfmt=default;https://datos.madrid.es/egob/catalogo/300228-30-accidentes-trafico-detalle.csv
2025S067147;06/06/2025;8:00:00;CALL. ALBERTO AGUILERA / GTA. RUIZ JIMENEZ;1;1;CENTRO;ColisiÃ³n fronto-lateral;Despejado;Turismo;Conductor;De 50 a 54 aÃ±os;Mujer;14.0;Sin asistencia sanitaria;440088.0;4475676.0;N;;https://datos.madrid.es/portal/site/egob/menuitem.c05c1f754a33a9fbe4b2e4b284f1a5a0/?vgnextoid=7c2843010d9c3610VgnVCM2000001f4a900aRCRD&vgnextchannel=374512b9ace9f310VgnVCM100000171f5a0aRCRD&vgnextfmt=default;https://datos.madrid.es/egob/catalogo/300228-30-accidentes-trafico-detalle.csv
2025S052972;07/05/2025;8:00:00;AVDA. PLANETARIO, 1B;1B;2;ARGANZUELA;ColisiÃ³n lateral;Despejado;AutobÃºs;Conductor;De 60 a 64 aÃ±os;Hombre;;;442299.0;4471841.0;N;;https://datos.madrid.es/portal/site/egob/menuitem.c05c1f754a33a9fbe4b2e4b284f1a5a0/?vgnextoid=7c2843010d9c3610VgnVCM2000001f4a900aRCRD&vgnextchannel=374512b9ace9f310VgnVCM100000171f5a0aRCRD&vgnextfmt=default;https://datos.madrid.es/egob/catalogo/300228-30-accidentes-trafico-detalle.csv
2025S052917;07/05/2025;8:00:00;CALL. ESTEBAN CARROS, 21;21;13;PUENTE DE VALLECAS;Alcance;Despejado;Turismo;Conductor;De 50 a 54 aÃ±os;Mujer;;;444215.0;4469564.0;N;;https://datos.madrid.es/portal/site/egob/menuitem.c05c1f754a33a9fbe4b2e4b284f1a5a0/?vgnextoid=7c2843010d9c3610VgnVCM2000001f4a900aRCRD&vgnextchannel=374512b9ace9f310VgnVCM100000171f5a0aRCRD&vgnextfmt=default;https://datos.madrid.es/egob/catalogo/300228-30-accidentes-trafico-detalle.csv
2025S052972;07/05/2025;8:00:00;AVDA. PLANETARIO, 1B;1B;2;ARGANZUELA;ColisiÃ³n lateral;Despejado;Motocicleta > 125cc;Conductor;De 25 a 29 aÃ±os;Mujer;;;442299.0;4471841.0;N;;https://datos.madrid.es/portal/site/egob/menuitem.c05c1f754a33a9fbe4b2e4b284f1a5a0/?vgnextoid=7c2843010d9c3610VgnVCM2000001f4a900aRCRD&vgnextchannel=374512b9ace9f310VgnVCM100000171f5a0aRCRD&vgnextfmt=default;https://datos.madrid.es/egob/catalogo/300228-30-accidentes-trafico-detalle.csv
2025S052917;07/05/2025;8:00:00;CALL. ESTEBAN CARROS, 21;21;13;PUENTE DE VALLECAS;Alcance;Despejado;Turismo;Conductor;De 40 a 44 aÃ±os;Mujer;;;444215.0;4469564.0;N;;https://datos.madrid.es/portal/site/egob/menuitem.c05c1f754a33a9fbe4b2e4b284f1a5a0/?vgnextoid=7c2843010d9c3610VgnVCM2000001f4a900aRCRD&vgnextchannel=374512b9ace9f310VgnVCM100000171f5a0aRCRD&vgnextfmt=default;https://datos.madrid.es/egob/catalogo/300228-30-accidentes-trafico-detalle.csv
2025S090160;07/08/2025;8:00:00;PLAZA. LIMA / PASEO. CASTELLANA;0;5;CHAMARTÃN;ColisiÃ³n fronto-lateral;Despejado;Motocicleta > 125cc;Conductor;De 60 a 64 aÃ±os;Hombre;6.0;Asistencia sanitaria inmediata en centro de salud o mutua;441440.0;4478209.0;N;;https://datos.madrid.es/portal/site/egob/menuitem.c05c1f754a33a9fbe4b2e4b284f1a5a0/?vgnextoid=7c2843010d9c3610VgnVCM2000001f4a900aRCRD&vgnextchannel=374512b9ace9f310VgnVCM100000171f5a0aRCRD&vgnextfmt=default;https://datos.madrid.es/egob/catalogo/300228-30-accidentes-trafico-detalle.csv
2025S090160;07/08/2025;8:00:00;PLAZA. LIMA / PASEO. CASTELLANA;0;5;CHAMARTÃN;ColisiÃ³n fronto-lateral;Despejado;Turismo;Conductor;De 65 a 69 aÃ±os;Hombre;14.0;Sin asistencia sanitaria;441440.0;4478209.0;N;;https://datos.madrid.es/portal/site/egob/menuitem.c05c1f754a33a9fbe4b2e4b284f1a5a0/?vgnextoid=7c2843010d9c3610VgnVCM2000001f4a900aRCRD&vgnextchannel=374512b9ace9f310VgnVCM100000171f5a0aRCRD&vgnextfmt=default;https://datos.madrid.es/egob/catalogo/300228-30-accidentes-trafico-detalle.csv
2025S001940;08/01/2025;8:00:00;CALL. ROSARIO PINO, 6;6;6;TETUÃN;ColisiÃ³n lateral;Nublado;Turismo;Conductor;De 45 a 49 aÃ±os;Mujer;;;441394.0;4479278.0;N;;https://datos.madrid.es/portal/site/egob/menuitem.c05c1f754a33a9fbe4b2e4b284f1a5a0/?vgnextoid=7c2843010d9c3610VgnVCM2000001f4a900aRCRD&vgnextchannel=374512b9ace9f310VgnVCM100000171f5a0aRCRD&vgnextfmt=default;https://datos.madrid.es/egob/catalogo/300228-30-accidentes-trafico-detalle.csv
2025S001940;08/01/2025;8:00:00;CALL. ROSARIO PINO, 6;6;6;TETUÃN;ColisiÃ³n lateral;Nublado;Turismo;Conductor;De 45 a 49 aÃ±os;Mujer;;;441394.0;4479278.0;N;;https://datos.madrid.es/portal/site/egob/menuitem.c05c1f754a33a9fbe4b2e4b284f1a5a0/?vgnextoid=7c2843010d9c3610VgnVCM2000001f4a900aRCRD&vgnextchannel=374512b9ace9f310VgnVCM100000171f5a0aRCRD&vgnextfmt=default;https://datos.madrid.es/egob/catalogo/300228-30-accidentes-trafico-detalle.csv
2025S053428;08/05/2025;8:00:00;CALL. PADRE LLANOS / CMNO. POZO DEL TIO RAIMUNDO;24;13;PUENTE DE VALLECAS;Choque contra obstÃ¡culo fijo;Despejado;AutobÃºs;Conductor;De 50 a 54 aÃ±os;Mujer;;;444387.0;4469551.0;N;;https://datos.madrid.es/portal/site/egob/menuitem.c05c1f754a33a9fbe4b2e4b284f1a5a0/?vgnextoid=7c2843010d9c3610VgnVCM2000001f4a900aRCRD&vgnextchannel=374512b9ace9f310VgnVCM100000171f5a0aRCRD&vgnextfmt=default;https://datos.madrid.es/egob/catalogo/300228-30-accidentes-trafico-detalle.csv
2025S040896;09/04/2025;8:00:00;AUTOV. M-30, 04UL78;04UL78;13;PUENTE DE VALLECAS;Alcance;Despejado;Turismo;Conductor;De 21 a 24 aÃ±os;Hombre;14.0;Sin asistencia sanitaria;441910.0;4469812.0;N;;https://datos.madrid.es/portal/site/egob/menuitem.c05c1f754a33a9fbe4b2e4b284f1a5a0/?vgnextoid=7c2843010d9c3610VgnVCM2000001f4a900aRCRD&vgnextchannel=374512b9ace9f310VgnVCM100000171f5a0aRCRD&vgnextfmt=default;https://datos.madrid.es/egob/catalogo/300228-30-accidentes-trafico-detalle.csv
2025S040896;09/04/2025;8:00:00;AUTOV. M-30, 04UL78;04UL78;13;PUENTE DE VALLECAS;Alcance;Despejado;Turismo;Conductor;De 30 a 34 aÃ±os;Mujer;14.0;Sin asistencia sanitaria;441910.0;4469812.0;N;;https://datos.madrid.es/portal/site/egob/menuitem.c05c1f754a33a9fbe4b2e4b284f1a5a0/?vgnextoid=7c2843010d9c3610VgnVCM2000001f4a900aRCRD&vgnextchannel=374512b9ace9f310VgnVCM100000171f5a0aRCRD&vgnextfmt=default;https://datos.madrid.es/egob/catalogo/300228-30-accidentes-trafico-detalle.csv
2025S002725;10/01/2025;8:00:00;AUTOV. M-30 / AUTOV. M-30;23NC60;9;MONCLOA-ARAVACA;ColisiÃ³n lateral;Lluvia dÃ©bil;Turismo;Conductor;De 25 a 29 aÃ±os;Hombre;;;436829.0;4478999.0;N;;https://datos.madrid.es/portal/site/egob/menuitem.c05c1f754a33a9fbe4b2e4b284f1a5a0/?vgnextoid=7c2843010d9c3610VgnVCM2000001f4a900aRCRD&vgnextchannel=374512b9ace9f310VgnVCM100000171f5a0aRCRD&vgnextfmt=default;https://datos.madrid.es/egob/catalogo/300228-30-accidentes-trafico-detalle.csv
2025S002725;10/01/2025;8:00:00;AUTOV. M-30 / AUTOV. M-30;23NC60;9;MONCLOA-ARAVACA;ColisiÃ³n lateral;Lluvia dÃ©bil;Turismo;Conductor;De 55 a 59 aÃ±os;Hombre;;;436829.0;4478999.0;N;;https://datos.madrid.es/portal/site/egob/menuitem.c05c1f754a33a9fbe4b2e4b284f1a5a0/?vgnextoid=7c2843010d9c3610VgnVCM2000001f4a900aRCRD&vgnextchannel=374512b9ace9f310VgnVCM100000171f5a0aRCRD&vgnextfmt=default;https://datos.madrid.es/egob/catalogo/300228-30-accidentes-trafico-detalle.csv
2025S002725;10/01/2025;8:00:00;AUTOV. M-30 / AUTOV. M-30;23NC60;9;MONCLOA-ARAVACA;ColisiÃ³n lateral;Lluvia dÃ©bil;AutobÃºs;Conductor;De 60 a 64 aÃ±os;Hombre;;;436829.0;4478999.0;N;;https://datos.madrid.es/portal/site/egob/menuitem.c05c1f754a33a9fbe4b2e4b284f1a5a0/?vgnextoid=7c2843010d9c3610VgnVCM2000001f4a900aRCRD&vgnextchannel=374512b9ace9f310VgnVCM100000171f5a0aRCRD&vgnextfmt=default;https://datos.madrid.es/egob/catalogo/300228-30-accidentes-trafico-detalle.csv
2025S040883;10/04/2025;8:00:00;CALL. DOCTOR SEVERO OCHOA, 1;1;9;MONCLOA-ARAVACA;ColisiÃ³n mÃºltiple;;AutobÃºs;Conductor;De 25 a 29 aÃ±os;Hombre;;;438503.0;4477062.0;N;;https://datos.madrid.es/portal/site/egob/menuitem.c05c1f754a33a9fbe4b2e4b284f1a5a0/?vgnextoid=7c2843010d9c3610VgnVCM2000001f4a900aRCRD&vgnextchannel=374512b9ace9f310VgnVCM100000171f5a0aRCRD&vgnextfmt=default;https://datos.madrid.es/egob/catalogo/300228-30-accidentes-trafico-detalle.csv
2025S040883;10/04/2025;8:00:00;CALL. DOCTOR SEVERO OCHOA, 1;1;9;MONCLOA-ARAVACA;ColisiÃ³n mÃºltiple;;Turismo;Conductor;Desconocido;Desconocido;;;438503.0;4477062.0;N;;https://datos.madrid.es/portal/site/egob/menuitem.c05c1f754a33a9fbe4b2e4b284f1a5a0/?vgnextoid=7c2843010d9c3610VgnVCM2000001f4a900aRCRD&vgnextchannel=374512b9ace9f310VgnVCM100000171f5a0aRCRD&vgnextfmt=default;https://datos.madrid.es/egob/catalogo/300228-30-accidentes-trafico-detalle.csv
2025S040886;10/04/2025;8:00:00;CALL. SERRANO / PASEL. ENRIQUE DE LA MATA GOROSTIZAGA;92;4;SALAMANCA;ColisiÃ³n lateral;Despejado;CamiÃ³n rÃ­gido;Conductor;De 35 a 39 aÃ±os;Hombre;14.0;Sin asistencia sanitaria;441749.0;4476035.0;N;;https://datos.madrid.es/portal/site/egob/menuitem.c05c1f754a33a9fbe4b2e4b284f1a5a0/?vgnextoid=7c2843010d9c3610VgnVCM2000001f4a900aRCRD&vgnextchannel=374512b9ace9f310VgnVCM100000171f5a0aRCRD&vgnextfmt=default;https://datos.madrid.es/egob/catalogo/300228-30-accidentes-trafico-detalle.csv
2025S040883;10/04/2025;8:00:00;CALL. DOCTOR SEVERO OCHOA, 1;1;9;MONCLOA-ARAVACA;ColisiÃ³n mÃºltiple;;Turismo;Conductor;Desconocido;Desconocido;;;438503.0;4477062.0;N;;https://datos.madrid.es/portal/site/egob/menuitem.c05c1f754a33a9fbe4b2e4b284f1a5a0/?vgnextoid=7c2843010d9c3610VgnVCM2000001f4a900aRCRD&vgnextchannel=374512b9ace9f310VgnVCM100000171f5a0aRCRD&vgnextfmt=default;https://datos.madrid.es/egob/catalogo/300228-30-accidentes-trafico-detalle.csv
2025S040886;10/04/2025;8:00:00;CALL. SERRANO / PASEL. ENRIQUE DE LA MATA GOROSTIZAGA;92;4;SALAMANCA;ColisiÃ³n lateral;Despejado;Turismo;Conductor;De 50 a 54 aÃ±os;Hombre;14.0;Sin asistencia sanitaria;441749.0;4476035.0;N;;https://datos.madrid.es/portal/site/egob/menuitem.c05c1f754a33a9fbe4b2e4b284f1a5a0/?vgnextoid=7c2843010d9c3610VgnVCM2000001f4a900aRCRD&vgnextchannel=374512b9ace9f310VgnVCM100000171f5a0aRCRD&vgnextfmt=default;https://datos.madrid.es/egob/catalogo/300228-30-accidentes-trafico-detalle.csv
2025S068485;10/06/2025;8:00:00;CALL. ISLA DE RODAS / CALL. MONTEROS;13;8;FUENCARRAL-EL PARDO;Choque contra obstÃ¡culo fijo;Despejado;CamiÃ³n rÃ­gido;Conductor;De 45 a 49 aÃ±os;Hombre;;;441449.0;4483080.0;N;;https://datos.madrid.es/portal/site/egob/menuitem.c05c1f754a33a9fbe4b2e4b284f1a5a0/?vgnextoid=7c2843010d9c3610VgnVCM2000001f4a900aRCRD&vgnextchannel=374512b9ace9f310VgnVCM100000171f5a0aRCRD&vgnextfmt=default;https://datos.madrid.es/egob/catalogo/300228-30-accidentes-trafico-detalle.csv
2025S016103;11/02/2025;8:00:00;CALL. CORREDERA BAJA DE SAN PABLO, 39;39;1;CENTRO;Choque contra obstÃ¡culo fijo;Despejado;CamiÃ³n rÃ­gido;Conductor;De 45 a 49 aÃ±os;Hombre;;;440346.0;4474938.0;N;;https://datos.madrid.es/portal/site/egob/menuitem.c05c1f754a33a9fbe4b2e4b284f1a5a0/?vgnextoid=7c2843010d9c3610VgnVCM2000001f4a900aRCRD&vgnextchannel=374512b9ace9f310VgnVCM100000171f5a0aRCRD&vgnextfmt=default;https://datos.madrid.es/egob/catalogo/300228-30-accidentes-trafico-detalle.csv
2025S016067;11/02/2025;8:00:00;CALL. PIO FELIPE, 30;30;13;PUENTE DE VALLECAS;Alcance;Despejado;Furgoneta;Conductor;De 50 a 54 aÃ±os;Hombre;14.0;Sin asistencia sanitaria;444525.0;4471611.0;N;;https://datos.madrid.es/portal/site/egob/menuitem.c05c1f754a33a9fbe4b2e4b284f1a5a0/?vgnextoid=7c2843010d9c3610VgnVCM2000001f4a900aRCRD&vgnextchannel=374512b9ace9f310VgnVCM100000171f5a0aRCRD&vgnextfmt=default;https://datos.madrid.es/egob/catalogo/300228-30-accidentes-trafico-detalle.csv
2025S016067;11/02/2025;8:00:00;CALL. PIO FELIPE, 30;30;13;PUENTE DE VALLECAS;Alcance;Despejado;Furgoneta;Pasajero;De 18 a 20 aÃ±os;Hombre;14.0;Sin asistencia sanitaria;444525.0;4471611.0;N;;https://datos.madrid.es/portal/site/egob/menuitem.c05c1f754a33a9fbe4b2e4b284f1a5a0/?vgnextoid=7c2843010d9c3610VgnVCM2000001f4a900aRCRD&vgnextchannel=374512b9ace9f310VgnVCM100000171f5a0aRCRD&vgnextfmt=default;https://datos.madrid.es/egob/catalogo/300228-30-accidentes-trafico-detalle.csv
2025S016067;11/02/2025;8:00:00;CALL. PIO FELIPE, 30;30;13;PUENTE DE VALLECAS;Alcance;Despejado;Furgoneta;Pasajero;De 50 a 54 aÃ±os;Hombre;14.0;Sin asistencia sanitaria;444525.0;4471611.0;N;;https://datos.madrid.es/portal/site/egob/menuitem.c05c1f754a33a9fbe4b2e4b284f1a5a0/?vgnextoid=7c2843010d9c3610VgnVCM2000001f4a900aRCRD&vgnextchannel=374512b9ace9f310VgnVCM100000171f5a0aRCRD&vgnextfmt=default;https://datos.madrid.es/egob/catalogo/300228-30-accidentes-trafico-detalle.csv
2025S016067;11/02/2025;8:00:00;CALL. PIO FELIPE, 30;30;13;PUENTE DE VALLECAS;Alcance;Despejado;Turismo;Conductor;De 40 a 44 aÃ±os;Mujer;14.0;Sin asistencia sanitaria;444525.0;4471611.0;N;;https://datos.madrid.es/portal/site/egob/menuitem.c05c1f754a33a9fbe4b2e4b284f1a5a0/?vgnextoid=7c2843010d9c3610VgnVCM2000001f4a900aRCRD&vgnextchannel=374512b9ace9f310VgnVCM100000171f5a0aRCRD&vgnextfmt=default;https://datos.madrid.es/egob/catalogo/300228-30-accidentes-trafico-detalle.csv
2025S016067;11/02/2025;8:00:00;CALL. PIO FELIPE, 30;30;13;PUENTE DE VALLECAS;Alcance;Despejado;Turismo;Conductor;De 50 a 54 aÃ±os;Mujer;;;444525.0;4471611.0;N;;https://datos.madrid.es/portal/site/egob/menuitem.c05c1f754a33a9fbe4b2e4b284f1a5a0/?vgnextoid=7c2843010d9c3610VgnVCM2000001f4a900aRCRD&vgnextchannel=374512b9ace9f310VgnVCM100000171f5a0aRCRD&vgnextfmt=default;https://datos.madrid.es/egob/catalogo/300228-30-accidentes-trafico-detalle.csv
2025S016067;11/02/2025;8:00:00;CALL. PIO FELIPE, 30;30;13;PUENTE DE VALLECAS;Alcance;Despejado;Turismo;Pasajero;De 10 a 14 aÃ±os;Hombre;14.0;Sin asistencia sanitaria;444525.0;4471611.0;N;;https://datos.madrid.es/portal/site/egob/menuitem.c05c1f754a33a9fbe4b2e4b284f1a5a0/?vgnextoid=7c2843010d9c3610VgnVCM2000001f4a900aRCRD&vgnextchannel=374512b9ace9f310VgnVCM100000171f5a0aRCRD&vgnextfmt=default;https://datos.madrid.es/egob/catalogo/300228-30-accidentes-trafico-detalle.csv
2025S016067;11/02/2025;8:00:00;CALL. PIO FELIPE, 30;30;13;PUENTE DE VALLECAS;Alcance;Despejado;Turismo;Pasajero;Menor de 5 aÃ±os;Hombre;14.0;Sin asistencia sanitaria;444525.0;4471611.0;N;;https://datos.madrid.es/portal/site/egob/menuitem.c05c1f754a33a9fbe4b2e4b284f1a5a0/?vgnextoid=7c2843010d9c3610VgnVCM2000001f4a900aRCRD&vgnextchannel=374512b9ace9f310VgnVCM100000171f5a0aRCRD&vgnextfmt=default;https://datos.madrid.es/egob/catalogo/300228-30-accidentes-trafico-detalle.csv
2025S068894;11/06/2025;8:00:00;AUTOV. M-30, 08XC40;08XC40;14;MORATALAZ;Alcance;Despejado;Turismo;Conductor;De 45 a 49 aÃ±os;Mujer;14.0;Sin asistencia sanitaria;443809.0;4473677.0;N;;https://datos.madrid.es/portal/site/egob/menuitem.c05c1f754a33a9fbe4b2e4b284f1a5a0/?vgnextoid=7c2843010d9c3610VgnVCM2000001f4a900aRCRD&vgnextchannel=374512b9ace9f310VgnVCM100000171f5a0aRCRD&vgnextfmt=default;https://datos.madrid.es/egob/catalogo/300228-30-accidentes-trafico-detalle.csv
2025S068894;11/06/2025;8:00:00;AUTOV. M-30, 08XC40;08XC40;14;MORATALAZ;Alcance;Despejado;Turismo;Conductor;De 25 a 29 aÃ±os;Mujer;14.0;Sin asistencia sanitaria;443809.0;4473677.0;N;;https://datos.madrid.es/portal/site/egob/menuitem.c05c1f754a33a9fbe4b2e4b284f1a5a0/?vgnextoid=7c2843010d9c3610VgnVCM2000001f4a900aRCRD&vgnextchannel=374512b9ace9f310VgnVCM100000171f5a0aRCRD&vgnextfmt=default;https://datos.madrid.es/egob/catalogo/300228-30-accidentes-trafico-detalle.csv
2025S028319;12/03/2025;8:00:00;CALL. MARCELO USERA, 1;1;12;USERA;ColisiÃ³n fronto-lateral;Despejado;Turismo;Conductor;De 25 a 29 aÃ±os;Mujer;14.0;Sin asistencia sanitaria;440592.0;4471036.0;N;;https://datos.madrid.es/portal/site/egob/menuitem.c05c1f754a33a9fbe4b2e4b284f1a5a0/?vgnextoid=7c2843010d9c3610VgnVCM2000001f4a900aRCRD&vgnextchannel=374512b9ace9f310VgnVCM100000171f5a0aRCRD&vgnextfmt=default;https://datos.madrid.es/egob/catalogo/300228-30-accidentes-trafico-detalle.csv
2025S028319;12/03/2025;8:00:00;CALL. MARCELO USERA, 1;1;12;USERA;ColisiÃ³n fronto-lateral;Despejado;CamiÃ³n rÃ­gido;Conductor;De 45 a 49 aÃ±os;Hombre;14.0;Sin asistencia sanitaria;440592.0;4471036.0;N;;https://datos.madrid.es/portal/site/egob/menuitem.c05c1f754a33a9fbe4b2e4b284f1a5a0/?vgnextoid=7c2843010d9c3610VgnVCM2000001f4a900aRCRD&vgnextchannel=374512b9ace9f310VgnVCM100000171f5a0aRCRD&vgnextfmt=default;https://datos.madrid.es/egob/catalogo/300228-30-accidentes-trafico-detalle.csv
2025S003699;13/01/2025;8:00:00;CALL. LOPEZ DE HOYOS / CALL. PRINCIPE DE VERGARA;66;5;CHAMARTÃN;ColisiÃ³n lateral;Despejado;Furgoneta;Conductor;De 45 a 49 aÃ±os;Hombre;;;442452.0;4477025.0;N;;https://datos.madrid.es/portal/site/egob/menuitem.c05c1f754a33a9fbe4b2e4b284f1a5a0/?vgnextoid=7c2843010d9c3610VgnVCM2000001f4a900aRCRD&vgnextchannel=374512b9ace9f310VgnVCM100000171f5a0aRCRD&vgnextfmt=default;https://datos.madrid.es/egob/catalogo/300228-30-accidentes-trafico-detalle.csv
2025S003699;13/01/2025;8:00:00;CALL. LOPEZ DE HOYOS / CALL. PRINCIPE DE VERGARA;66;5;CHAMARTÃN;ColisiÃ³n lateral;Despejado;Furgoneta;Pasajero;De 35 a 39 aÃ±os;Hombre;;;442452.0;4477025.0;N;;https://datos.madrid.es/portal/site/egob/menuitem.c05c1f754a33a9fbe4b2e4b284f1a5a0/?vgnextoid=7c2843010d9c3610VgnVCM2000001f4a900aRCRD&vgnextchannel=374512b9ace9f310VgnVCM100000171f5a0aRCRD&vgnextfmt=default;https://datos.madrid.es/egob/catalogo/300228-30-accidentes-trafico-detalle.csv
2025S003699;13/01/2025;8:00:00;CALL. LOPEZ DE HOYOS / CALL. PRINCIPE DE VERGARA;66;5;CHAMARTÃN;ColisiÃ³n lateral;Despejado;Turismo;Conductor;De 50 a 54 aÃ±os;Hombre;;;442452.0;4477025.0;N;;https://datos.madrid.es/portal/site/egob/menuitem.c05c1f754a33a9fbe4b2e4b284f1a5a0/?vgnextoid=7c2843010d9c3610VgnVCM2000001f4a900aRCRD&vgnextchannel=374512b9ace9f310VgnVCM100000171f5a0aRCRD&vgnextfmt=default;https://datos.madrid.es/egob/catalogo/300228-30-accidentes-trafico-detalle.csv
2025S017072;13/02/2025;8:00:00;AUTOV. M-30 / AUTOV. A-4;12RU04;12;USERA;Solo salida de la vÃ­a;Despejado;Turismo;Pasajero;De 21 a 24 aÃ±os;Hombre;;;441294.0;4470481.0;N;;https://datos.madrid.es/portal/site/egob/menuitem.c05c1f754a33a9fbe4b2e4b284f1a5a0/?vgnextoid=7c2843010d9c3610VgnVCM2000001f4a900aRCRD&vgnextchannel=374512b9ace9f310VgnVCM100000171f5a0aRCRD&vgnextfmt=default;https://datos.madrid.es/egob/catalogo/300228-30-accidentes-trafico-detalle.csv
2025S017072;13/02/2025;8:00:00;AUTOV. M-30 / AUTOV. A-4;12RU04;12;USERA;Solo salida de la vÃ­a;Despejado;Turismo;Conductor;De 25 a 29 aÃ±os;Hombre;;;441294.0;4470481.0;N;;https://datos.madrid.es/portal/site/egob/menuitem.c05c1f754a33a9fbe4b2e4b284f1a5a0/?vgnextoid=7c2843010d9c3610VgnVCM2000001f4a900aRCRD&vgnextchannel=374512b9ace9f310VgnVCM100000171f5a0aRCRD&vgnextfmt=default;https://datos.madrid.es/egob/catalogo/300228-30-accidentes-trafico-detalle.csv
2025S028831;13/03/2025;8:00:00;AUTOV. M-22 / CALL. REJAS;+00120E;21;BARAJAS;Alcance;Despejado;Turismo;Conductor;De 30 a 34 aÃ±os;Mujer;14.0;Sin asistencia sanitaria;454069.0;4477798.0;N;;https://datos.madrid.es/portal/site/egob/menuitem.c05c1f754a33a9fbe4b2e4b284f1a5a0/?vgnextoid=7c2843010d9c3610VgnVCM2000001f4a900aRCRD&vgnextchannel=374512b9ace9f310VgnVCM100000171f5a0aRCRD&vgnextfmt=default;https://datos.madrid.es/egob/catalogo/300228-30-accidentes-trafico-detalle.csv
2025S028831;13/03/2025;8:00:00;AUTOV. M-22 / CALL. REJAS;+00120E;21;BARAJAS;Alcance;Despejado;Motocicleta > 125cc;Conductor;De 40 a 44 aÃ±os;Hombre;7.0;Asistencia sanitaria sÃ³lo en el lugar del accidente;454069.0;4477798.0;N;;https://datos.madrid.es/portal/site/egob/menuitem.c05c1f754a33a9fbe4b2e4b284f1a5a0/?vgnextoid=7c2843010d9c3610VgnVCM2000001f4a900aRCRD&vgnextchannel=374512b9ace9f310VgnVCM100000171f5a0aRCRD&vgnextfmt=default;https://datos.madrid.es/egob/catalogo/300228-30-accidentes-trafico-detalle.csv
2025S004524;15/01/2025;8:00:00;CALL. CASTILLA, 7;7;6;TETUÃN;Alcance;Despejado;Turismo;Conductor;De 70 a 74 aÃ±os;Hombre;;;440256.0;4478272.0;N;;https://datos.madrid.es/portal/site/egob/menuitem.c05c1f754a33a9fbe4b2e4b284f1a5a0/?vgnextoid=7c2843010d9c3610VgnVCM2000001f4a900aRCRD&vgnextchannel=374512b9ace9f310VgnVCM100000171f5a0aRCRD&vgnextfmt=default;https://datos.madrid.es/egob/catalogo/300228-30-accidentes-trafico-detalle.csv
2025S004524;15/01/2025;8:00:00;CALL. CASTILLA, 7;7;6;TETUÃN;Alcance;Despejado;CamiÃ³n rÃ­gido;Conductor;De 60 a 64 aÃ±os;Hombre;;;440256.0;4478272.0;N;;https://datos.madrid.es/portal/site/egob/menuitem.c05c1f754a33a9fbe4b2e4b284f1a5a0/?vgnextoid=7c2843010d9c3610VgnVCM2000001f4a900aRCRD&vgnextchannel=374512b9ace9f310VgnVCM100000171f5a0aRCRD&vgnextfmt=default;https://datos.madrid.es/egob/catalogo/300228-30-accidentes-trafico-detalle.csv
2025S070808;15/06/2025;8:00:00;CALL. SARRIA, 29;29;8;FUENCARRAL-EL PARDO;Choque contra obstÃ¡culo fijo;Despejado;Turismo;Conductor;Desconocido;Desconocido;;;439393.0;4480599.0;N;;https://datos.madrid.es/portal/site/egob/menuitem.c05c1f754a33a9fbe4b2e4b284f1a5a0/?vgnextoid=7c2843010d9c3610VgnVCM2000001f4a900aRCRD&vgnextchannel=374512b9ace9f310VgnVCM100000171f5a0aRCRD&vgnextfmt=default;https://datos.madrid.es/egob/catalogo/300228-30-accidentes-trafico-detalle.csv
2025S070808;15/06/2025;8:00:00;CALL. SARRIA, 29;29;8;FUENCARRAL-EL PARDO;Choque contra obstÃ¡culo fijo;Despejado;Turismo;Conductor;Desconocido;Desconocido;;;439393.0;4480599.0;N;;https://datos.madrid.es/portal/site/egob/menuitem.c05c1f754a33a9fbe4b2e4b284f1a5a0/?vgnextoid=7c2843010d9c3610VgnVCM2000001f4a900aRCRD&vgnextchannel=374512b9ace9f310VgnVCM100000171f5a0aRCRD&vgnextfmt=default;https://datos.madrid.es/egob/catalogo/300228-30-accidentes-trafico-detalle.csv
2025S018649;17/02/2025;8:00:00;AVDA. BETANZOS / PASEO. VAGUADA;75;8;FUENCARRAL-EL PARDO;Choque contra obstÃ¡culo fijo;;Turismo;Conductor;De 30 a 34 aÃ±os;Hombre;;;439639.0;4481295.0;N;;https://datos.madrid.es/portal/site/egob/menuitem.c05c1f754a33a9fbe4b2e4b284f1a5a0/?vgnextoid=7c2843010d9c3610VgnVCM2000001f4a900aRCRD&vgnextchannel=374512b9ace9f310VgnVCM100000171f5a0aRCRD&vgnextfmt=default;https://datos.madrid.es/egob/catalogo/300228-30-accidentes-trafico-detalle.csv
2025S071466;17/06/2025;8:00:00;AUTOV. M-30, 15NC70;15NC70;2;ARGANZUELA;Alcance;Despejado;Turismo;Conductor;De 21 a 24 aÃ±os;Hombre;;;439226.0;4472442.0;N;;https://datos.madrid.es/portal/site/egob/menuitem.c05c1f754a33a9fbe4b2e4b284f1a5a0/?vgnextoid=7c2843010d9c3610VgnVCM2000001f4a900aRCRD&vgnextchannel=374512b9ace9f310VgnVCM100000171f5a0aRCRD&vgnextfmt=default;https://datos.madrid.es/egob/catalogo/300228-30-accidentes-trafico-detalle.csv
2025S071466;17/06/2025;8:00:00;AUTOV. M-30, 15NC70;15NC70;2;ARGANZUELA;Alcance;Despejado;Turismo;Conductor;De 50 a 54 aÃ±os;Hombre;;;439226.0;4472442.0;N;;https://datos.madrid.es/portal/site/egob/menuitem.c05c1f754a33a9fbe4b2e4b284f1a5a0/?vgnextoid=7c2843010d9c3610VgnVCM2000001f4a900aRCRD&vgnextchannel=374512b9ace9f310VgnVCM100000171f5a0aRCRD&vgnextfmt=default;https://datos.madrid.es/egob/catalogo/300228-30-accidentes-trafico-detalle.csv
2025S082803;17/07/2025;8:00:00;AUTOV. A-1, +01000S;+01000S;16;HORTALEZA;Alcance;Despejado;Turismo;Conductor;De 25 a 29 aÃ±os;Hombre;;;443014.0;4481820.0;N;;https://datos.madrid.es/portal/site/egob/menuitem.c05c1f754a33a9fbe4b2e4b284f1a5a0/?vgnextoid=7c2843010d9c3610VgnVCM2000001f4a900aRCRD&vgnextchannel=374512b9ace9f310VgnVCM100000171f5a0aRCRD&vgnextfmt=default;https://datos.madrid.es/egob/catalogo/300228-30-accidentes-trafico-detalle.csv
2025S082803;17/07/2025;8:00:00;AUTOV. A-1, +01000S;+01000S;16;HORTALEZA;Alcance;Despejado;Turismo;Conductor;De 25 a 29 aÃ±os;Hombre;;;443014.0;4481820.0;N;;https://datos.madrid.es/portal/site/egob/menuitem.c05c1f754a33a9fbe4b2e4b284f1a5a0/?vgnextoid=7c2843010d9c3610VgnVCM2000001f4a900aRCRD&vgnextchannel=374512b9ace9f310VgnVCM100000171f5a0aRCRD&vgnextfmt=default;https://datos.madrid.es/egob/catalogo/300228-30-accidentes-trafico-detalle.csv
2025S019482;19/02/2025;8:00:00;AUTOV. M-30, 12XL10;12XL10;13;PUENTE DE VALLECAS;ColisiÃ³n fronto-lateral;Despejado;Furgoneta;Conductor;De 55 a 59 aÃ±os;Hombre;14.0;Sin asistencia sanitaria;442139.0;4470816.0;N;;https://datos.madrid.es/portal/site/egob/menuitem.c05c1f754a33a9fbe4b2e4b284f1a5a0/?vgnextoid=7c2843010d9c3610VgnVCM2000001f4a900aRCRD&vgnextchannel=374512b9ace9f310VgnVCM100000171f5a0aRCRD&vgnextfmt=default;https://datos.madrid.es/egob/catalogo/300228-30-accidentes-trafico-detalle.csv
2025S019482;19/02/2025;8:00:00;AUTOV. M-30, 12XL10;12XL10;13;PUENTE DE VALLECAS;ColisiÃ³n fronto-lateral;Despejado;Turismo;Conductor;De 55 a 59 aÃ±os;Mujer;14.0;Sin asistencia sanitaria;442139.0;4470816.0;N;;https://datos.madrid.es/portal/site/egob/menuitem.c05c1f754a33a9fbe4b2e4b284f1a5a0/?vgnextoid=7c2843010d9c3610VgnVCM2000001f4a900aRCRD&vgnextchannel=374512b9ace9f310VgnVCM100000171f5a0aRCRD&vgnextfmt=default;https://datos.madrid.es/egob/catalogo/300228-30-accidentes-trafico-detalle.csv
2025S058583;19/05/2025;8:00:00;CALL. BRAVO MURILLO / CALL. SAN ENRIQUE;202;6;TETUÃN;ColisiÃ³n lateral;Despejado;Bicicleta;Conductor;De 55 a 59 aÃ±os;Hombre;14.0;Sin asistencia sanitaria;440470.0;4478651.0;N;;https://datos.madrid.es/portal/site/egob/menuitem.c05c1f754a33a9fbe4b2e4b284f1a5a0/?vgnextoid=7c2843010d9c3610VgnVCM2000001f4a900aRCRD&vgnextchannel=374512b9ace9f310VgnVCM100000171f5a0aRCRD&vgnextfmt=default;https://datos.madrid.es/egob/catalogo/300228-30-accidentes-trafico-detalle.csv
2025S058583;19/05/2025;8:00:00;CALL. BRAVO MURILLO / CALL. SAN ENRIQUE;202;6;TETUÃN;ColisiÃ³n lateral;Despejado;Turismo;Conductor;De 60 a 64 aÃ±os;Mujer;;;440470.0;4478651.0;N;;https://datos.madrid.es/portal/site/egob/menuitem.c05c1f754a33a9fbe4b2e4b284f1a5a0/?vgnextoid=7c2843010d9c3610VgnVCM2000001f4a900aRCRD&vgnextchannel=374512b9ace9f310VgnVCM100000171f5a0aRCRD&vgnextfmt=default;https://datos.madrid.es/egob/catalogo/300228-30-accidentes-trafico-detalle.csv
2025S019922;20/02/2025;8:00:00;AVDA. ANDALUCIA, 19;19;12;USERA;Alcance;Despejado;Motocicleta hasta 125cc;Conductor;De 21 a 24 aÃ±os;Hombre;;;441059.0;4468631.0;N;;https://datos.madrid.es/portal/site/egob/menuitem.c05c1f754a33a9fbe4b2e4b284f1a5a0/?vgnextoid=7c2843010d9c3610VgnVCM2000001f4a900aRCRD&vgnextchannel=374512b9ace9f310VgnVCM100000171f5a0aRCRD&vgnextfmt=default;https://datos.madrid.es/egob/catalogo/300228-30-accidentes-trafico-detalle.csv
2025S019922;20/02/2025;8:00:00;AVDA. ANDALUCIA, 19;19;12;USERA;Alcance;Despejado;;Conductor;Desconocido;Desconocido;;;441059.0;4468631.0;;;https://datos.madrid.es/portal/site/egob/menuitem.c05c1f754a33a9fbe4b2e4b284f1a5a0/?vgnextoid=7c2843010d9c3610VgnVCM2000001f4a900aRCRD&vgnextchannel=374512b9ace9f310VgnVCM100000171f5a0aRCRD&vgnextfmt=default;https://datos.madrid.es/egob/catalogo/300228-30-accidentes-trafico-detalle.csv
2025S019846;20/02/2025;8:00:00;CALL. GUADALAJARA / CALL. FRANCISCO JOSE ARROYO;11;16;HORTALEZA;Atropello a persona;Despejado;Turismo;Conductor;Desconocido;Desconocido;14.0;Sin asistencia sanitaria;447842.0;4478203.0;N;;https://datos.madrid.es/portal/site/egob/menuitem.c05c1f754a33a9fbe4b2e4b284f1a5a0/?vgnextoid=7c2843010d9c3610VgnVCM2000001f4a900aRCRD&vgnextchannel=374512b9ace9f310VgnVCM100000171f5a0aRCRD&vgnextfmt=default;https://datos.madrid.es/egob/catalogo/300228-30-accidentes-trafico-detalle.csv
2025S019846;20/02/2025;8:00:00;CALL. GUADALAJARA / CALL. FRANCISCO JOSE ARROYO;11;16;HORTALEZA;Atropello a persona;Despejado;Turismo;PeatÃ³n;De 25 a 29 aÃ±os;Mujer;2.0;Ingreso inferior o igual a 24 horas;447842.0;4478203.0;N;;https://datos.madrid.es/portal/site/egob/menuitem.c05c1f754a33a9fbe4b2e4b284f1a5a0/?vgnextoid=7c2843010d9c3610VgnVCM2000001f4a900aRCRD&vgnextchannel=374512b9ace9f310VgnVCM100000171f5a0aRCRD&vgnextfmt=default;https://datos.madrid.es/egob/catalogo/300228-30-accidentes-trafico-detalle.csv
2025S059030;20/05/2025;8:00:00;CALL. SAN ERASMO, 28;28;17;VILLAVERDE;ColisiÃ³n fronto-lateral;Despejado;Turismo;Conductor;De 25 a 29 aÃ±os;Hombre;14.0;Sin asistencia sanitaria;439989.0;4465221.0;N;;https://datos.madrid.es/portal/site/egob/menuitem.c05c1f754a33a9fbe4b2e4b284f1a5a0/?vgnextoid=7c2843010d9c3610VgnVCM2000001f4a900aRCRD&vgnextchannel=374512b9ace9f310VgnVCM100000171f5a0aRCRD&vgnextfmt=default;https://datos.madrid.es/egob/catalogo/300228-30-accidentes-trafico-detalle.csv
2025S059030;20/05/2025;8:00:00;CALL. SAN ERASMO, 28;28;17;VILLAVERDE;ColisiÃ³n fronto-lateral;Despejado;Motocicleta > 125cc;Conductor;De 40 a 44 aÃ±os;Hombre;2.0;Ingreso inferior o igual a 24 horas;439989.0;4465221.0;N;;https://datos.madrid.es/portal/site/egob/menuitem.c05c1f754a33a9fbe4b2e4b284f1a5a0/?vgnextoid=7c2843010d9c3610VgnVCM2000001f4a900aRCRD&vgnextchannel=374512b9ace9f310VgnVCM100000171f5a0aRCRD&vgnextfmt=default;https://datos.madrid.es/egob/catalogo/300228-30-accidentes-trafico-detalle.csv
2025S045533;21/04/2025;8:00:00;CALL. MAURO, 6;6;5;CHAMARTÃN;Otro;Despejado;CamiÃ³n rÃ­gido;Conductor;De 30 a 34 aÃ±os;Hombre;;;443156.0;4477210.0;N;;https://datos.madrid.es/portal/site/egob/menuitem.c05c1f754a33a9fbe4b2e4b284f1a5a0/?vgnextoid=7c2843010d9c3610VgnVCM2000001f4a900aRCRD&vgnextchannel=374512b9ace9f310VgnVCM100000171f5a0aRCRD&vgnextfmt=default;https://datos.madrid.es/egob/catalogo/300228-30-accidentes-trafico-detalle.csv
2025S059594;21/05/2025;8:00:00;AVDA. GUINDALERA / AVDA. AMERICA;3;4;SALAMANCA;ColisiÃ³n fronto-lateral;Despejado;Turismo;Conductor;De 60 a 64 aÃ±os;Mujer;14.0;Sin asistencia sanitaria;443590.0;4476904.0;N;;https://datos.madrid.es/portal/site/egob/menuitem.c05c1f754a33a9fbe4b2e4b284f1a5a0/?vgnextoid=7c2843010d9c3610VgnVCM2000001f4a900aRCRD&vgnextchannel=374512b9ace9f310VgnVCM100000171f5a0aRCRD&vgnextfmt=default;https://datos.madrid.es/egob/catalogo/300228-30-accidentes-trafico-detalle.csv
2025S059594;21/05/2025;8:00:00;AVDA. GUINDALERA / AVDA. AMERICA;3;4;SALAMANCA;ColisiÃ³n fronto-lateral;Despejado;Turismo;Conductor;De 35 a 39 aÃ±os;Mujer;2.0;Ingreso inferior o igual a 24 horas;443590.0;4476904.0;N;;https://datos.madrid.es/portal/site/egob/menuitem.c05c1f754a33a9fbe4b2e4b284f1a5a0/?vgnextoid=7c2843010d9c3610VgnVCM2000001f4a900aRCRD&vgnextchannel=374512b9ace9f310VgnVCM100000171f5a0aRCRD&vgnextfmt=default;https://datos.madrid.es/egob/catalogo/300228-30-accidentes-trafico-detalle.csv
2025S007095;22/01/2025;8:00:00;CALL. VALMOJADO / CALL. OCAÃA;2;10;LATINA;ColisiÃ³n lateral;Lluvia dÃ©bil;Otros vehÃ­culos con motor;Conductor;De 50 a 54 aÃ±os;Hombre;7.0;Asistencia sanitaria sÃ³lo en el lugar del accidente;435446.0;4470903.0;N;;https://datos.madrid.es/portal/site/egob/menuitem.c05c1f754a33a9fbe4b2e4b284f1a5a0/?vgnextoid=7c2843010d9c3610VgnVCM2000001f4a900aRCRD&vgnextchannel=374512b9ace9f310VgnVCM100000171f5a0aRCRD&vgnextfmt=default;https://datos.madrid.es/egob/catalogo/300228-30-accidentes-trafico-detalle.csv
2025S007095;22/01/2025;8:00:00;CALL. VALMOJADO / CALL. OCAÃA;2;10;LATINA;ColisiÃ³n lateral;Lluvia dÃ©bil;Turismo;Conductor;De 35 a 39 aÃ±os;Mujer;14.0;Sin asistencia sanitaria;435446.0;4470903.0;N;;https://datos.madrid.es/portal/site/egob/menuitem.c05c1f754a33a9fbe4b2e4b284f1a5a0/?vgnextoid=7c2843010d9c3610VgnVCM2000001f4a900aRCRD&vgnextchannel=374512b9ace9f310VgnVCM100000171f5a0aRCRD&vgnextfmt=default;https://datos.madrid.es/egob/catalogo/300228-30-accidentes-trafico-detalle.csv
2025S032537;22/03/2025;8:00:00;CALL. BLAS CABRERA, 111;111;10;LATINA;ColisiÃ³n lateral;Nublado;Turismo;Conductor;Desconocido;Desconocido;;;434624.0;4469888.0;N;;https://datos.madrid.es/portal/site/egob/menuitem.c05c1f754a33a9fbe4b2e4b284f1a5a0/?vgnextoid=7c2843010d9c3610VgnVCM2000001f4a900aRCRD&vgnextchannel=374512b9ace9f310VgnVCM100000171f5a0aRCRD&vgnextfmt=default;https://datos.madrid.es/egob/catalogo/300228-30-accidentes-trafico-detalle.csv
2025S032537;22/03/2025;8:00:00;CALL. BLAS CABRERA, 111;111;10;LATINA;ColisiÃ³n lateral;Nublado;Turismo;Conductor;De 50 a 54 aÃ±os;Hombre;;;434624.0;4469888.0;N;;https://datos.madrid.es/portal/site/egob/menuitem.c05c1f754a33a9fbe4b2e4b284f1a5a0/?vgnextoid=7c2843010d9c3610VgnVCM2000001f4a900aRCRD&vgnextchannel=374512b9ace9f310VgnVCM100000171f5a0aRCRD&vgnextfmt=default;https://datos.madrid.es/egob/catalogo/300228-30-accidentes-trafico-detalle.csv
2025S060220;22/05/2025;8:00:00;AVDA. ANDALUCIA / AUTOV. M-40;21;12;USERA;ColisiÃ³n lateral;Despejado;CamiÃ³n rÃ­gido;Conductor;De 35 a 39 aÃ±os;Hombre;14.0;Sin asistencia sanitaria;441134.0;4468481.0;N;;https://datos.madrid.es/portal/site/egob/menuitem.c05c1f754a33a9fbe4b2e4b284f1a5a0/?vgnextoid=7c2843010d9c3610VgnVCM2000001f4a900aRCRD&vgnextchannel=374512b9ace9f310VgnVCM100000171f5a0aRCRD&vgnextfmt=default;https://datos.madrid.es/egob/catalogo/300228-30-accidentes-trafico-detalle.csv
2025S060220;22/05/2025;8:00:00;AVDA. ANDALUCIA / AUTOV. M-40;21;12;USERA;ColisiÃ³n lateral;Despejado;Turismo;Conductor;De 55 a 59 aÃ±os;Mujer;14.0;Sin asistencia sanitaria;441134.0;4468481.0;N;;https://datos.madrid.es/portal/site/egob/menuitem.c05c1f754a33a9fbe4b2e4b284f1a5a0/?vgnextoid=7c2843010d9c3610VgnVCM2000001f4a900aRCRD&vgnextchannel=374512b9ace9f310VgnVCM100000171f5a0aRCRD&vgnextfmt=default;https://datos.madrid.es/egob/catalogo/300228-30-accidentes-trafico-detalle.csv
2025S084756;22/07/2025;8:00:00;CALL. RICARDO ORTIZ / AVDA. MARQUES DE CORBERA;118;15;CIUDAD LINEAL;Alcance;Despejado;Turismo;Conductor;De 50 a 54 aÃ±os;Mujer;14.0;Sin asistencia sanitaria;444318.0;4474871.0;N;;https://datos.madrid.es/portal/site/egob/menuitem.c05c1f754a33a9fbe4b2e4b284f1a5a0/?vgnextoid=7c2843010d9c3610VgnVCM2000001f4a900aRCRD&vgnextchannel=374512b9ace9f310VgnVCM100000171f5a0aRCRD&vgnextfmt=default;https://datos.madrid.es/egob/catalogo/300228-30-accidentes-trafico-detalle.csv
2025S084756;22/07/2025;8:00:00;CALL. RICARDO ORTIZ / AVDA. MARQUES DE CORBERA;118;15;CIUDAD LINEAL;Alcance;Despejado;Turismo;Conductor;De 21 a 24 aÃ±os;Mujer;7.0;Asistencia sanitaria sÃ³lo en el lugar del accidente;444318.0;4474871.0;N;;https://datos.madrid.es/portal/site/egob/menuitem.c05c1f754a33a9fbe4b2e4b284f1a5a0/?vgnextoid=7c2843010d9c3610VgnVCM2000001f4a900aRCRD&vgnextchannel=374512b9ace9f310VgnVCM100000171f5a0aRCRD&vgnextfmt=default;https://datos.madrid.es/egob/catalogo/300228-30-accidentes-trafico-detalle.csv
2025S084756;22/07/2025;8:00:00;CALL. RICARDO ORTIZ / AVDA. MARQUES DE CORBERA;118;15;CIUDAD LINEAL;Alcance;Despejado;Turismo;Conductor;De 21 a 24 aÃ±os;Hombre;14.0;Sin asistencia sanitaria;444318.0;4474871.0;N;;https://datos.madrid.es/portal/site/egob/menuitem.c05c1f754a33a9fbe4b2e4b284f1a5a0/?vgnextoid=7c2843010d9c3610VgnVCM2000001f4a900aRCRD&vgnextchannel=374512b9ace9f310VgnVCM100000171f5a0aRCRD&vgnextfmt=default;https://datos.madrid.es/egob/catalogo/300228-30-accidentes-trafico-detalle.csv
2025S094239;22/08/2025;8:00:00;AVDA. DONOSTIARRA / CALL. VIRGEN DE LA ROCA;10;15;CIUDAD LINEAL;Choque contra obstÃ¡culo fijo;Despejado;Turismo;Conductor;Desconocido;Desconocido;;;444189.0;4476183.0;N;;https://datos.madrid.es/portal/site/egob/menuitem.c05c1f754a33a9fbe4b2e4b284f1a5a0/?vgnextoid=7c2843010d9c3610VgnVCM2000001f4a900aRCRD&vgnextchannel=374512b9ace9f310VgnVCM100000171f5a0aRCRD&vgnextfmt=default;https://datos.madrid.es/egob/catalogo/300228-30-accidentes-trafico-detalle.csv
2025S094239;22/08/2025;8:00:00;AVDA. DONOSTIARRA / CALL. VIRGEN DE LA ROCA;10;15;CIUDAD LINEAL;Choque contra obstÃ¡culo fijo;Despejado;Furgoneta;Conductor;De 50 a 54 aÃ±os;Hombre;;;444189.0;4476183.0;N;;https://datos.madrid.es/portal/site/egob/menuitem.c05c1f754a33a9fbe4b2e4b284f1a5a0/?vgnextoid=7c2843010d9c3610VgnVCM2000001f4a900aRCRD&vgnextchannel=374512b9ace9f310VgnVCM100000171f5a0aRCRD&vgnextfmt=default;https://datos.madrid.es/egob/catalogo/300228-30-accidentes-trafico-detalle.csv
2025S007825;23/01/2025;8:00:00;AVDA. SUR DEL AEROPUERTO DE BARAJAS / CALL. HOTEL;12;21;BARAJAS;Alcance;Lluvia dÃ©bil;Turismo;Conductor;De 25 a 29 aÃ±os;Hombre;14.0;Sin asistencia sanitaria;451102.0;4477949.0;N;;https://datos.madrid.es/portal/site/egob/menuitem.c05c1f754a33a9fbe4b2e4b284f1a5a0/?vgnextoid=7c2843010d9c3610VgnVCM2000001f4a900aRCRD&vgnextchannel=374512b9ace9f310VgnVCM100000171f5a0aRCRD&vgnextfmt=default;https://datos.madrid.es/egob/catalogo/300228-30-accidentes-trafico-detalle.csv
2025S007825;23/01/2025;8:00:00;AVDA. SUR DEL AEROPUERTO DE BARAJAS / CALL. HOTEL;12;21;BARAJAS;Alcance;Lluvia dÃ©bil;Motocicleta > 125cc;Conductor;De 55 a 59 aÃ±os;Hombre;14.0;Sin asistencia sanitaria;451102.0;4477949.0;N;;https://datos.madrid.es/portal/site/egob/menuitem.c05c1f754a33a9fbe4b2e4b284f1a5a0/?vgnextoid=7c2843010d9c3610VgnVCM2000001f4a900aRCRD&vgnextchannel=374512b9ace9f310VgnVCM100000171f5a0aRCRD&vgnextfmt=default;https://datos.madrid.es/egob/catalogo/300228-30-accidentes-trafico-detalle.csv
2025S007395;23/01/2025;8:00:00;AVDA. BAVIERA, 8;8;4;SALAMANCA;Alcance;Lluvia dÃ©bil;CamiÃ³n rÃ­gido;Conductor;De 35 a 39 aÃ±os;Hombre;;;443706.0;4477034.0;N;;https://datos.madrid.es/portal/site/egob/menuitem.c05c1f754a33a9fbe4b2e4b284f1a5a0/?vgnextoid=7c2843010d9c3610VgnVCM2000001f4a900aRCRD&vgnextchannel=374512b9ace9f310VgnVCM100000171f5a0aRCRD&vgnextfmt=default;https://datos.madrid.es/egob/catalogo/300228-30-accidentes-trafico-detalle.csv
2025S007395;23/01/2025;8:00:00;AVDA. BAVIERA, 8;8;4;SALAMANCA;Alcance;Lluvia dÃ©bil;Turismo;Conductor;De 18 a 20 aÃ±os;Mujer;;;443706.0;4477034.0;N;;https://datos.madrid.es/portal/site/egob/menuitem.c05c1f754a33a9fbe4b2e4b284f1a5a0/?vgnextoid=7c2843010d9c3610VgnVCM2000001f4a900aRCRD&vgnextchannel=374512b9ace9f310VgnVCM100000171f5a0aRCRD&vgnextfmt=default;https://datos.madrid.es/egob/catalogo/300228-30-accidentes-trafico-detalle.csv
2025S060807;23/05/2025;8:00:00;AVDA. ANDALUCIA, 32A;32A;12;USERA;ColisiÃ³n lateral;Despejado;Turismo;Conductor;De 45 a 49 aÃ±os;Hombre;;;441054.0;4468795.0;N;;https://datos.madrid.es/portal/site/egob/menuitem.c05c1f754a33a9fbe4b2e4b284f1a5a0/?vgnextoid=7c2843010d9c3610VgnVCM2000001f4a900aRCRD&vgnextchannel=374512b9ace9f310VgnVCM100000171f5a0aRCRD&vgnextfmt=default;https://datos.madrid.es/egob/catalogo/300228-30-accidentes-trafico-detalle.csv
2025S060807;23/05/2025;8:00:00;AVDA. ANDALUCIA, 32A;32A;12;USERA;ColisiÃ³n lateral;Despejado;VehÃ­culo articulado;Conductor;De 35 a 39 aÃ±os;Hombre;;;441054.0;4468795.0;N;;https://datos.madrid.es/portal/site/egob/menuitem.c05c1f754a33a9fbe4b2e4b284f1a5a0/?vgnextoid=7c2843010d9c3610VgnVCM2000001f4a900aRCRD&vgnextchannel=374512b9ace9f310VgnVCM100000171f5a0aRCRD&vgnextfmt=default;https://datos.madrid.es/egob/catalogo/300228-30-accidentes-trafico-detalle.csv
2025S074029;23/06/2025;8:00:00;CALL. MODESTO LAFUENTE, 69;69;7;CHAMBERÃ;Alcance;Despejado;Turismo;Conductor;De 40 a 44 aÃ±os;Mujer;;;440995.0;4477361.0;N;;https://datos.madrid.es/portal/site/egob/menuitem.c05c1f754a33a9fbe4b2e4b284f1a5a0/?vgnextoid=7c2843010d9c3610VgnVCM2000001f4a900aRCRD&vgnextchannel=374512b9ace9f310VgnVCM100000171f5a0aRCRD&vgnextfmt=default;https://datos.madrid.es/egob/catalogo/300228-30-accidentes-trafico-detalle.csv
2025S074029;23/06/2025;8:00:00;CALL. MODESTO LAFUENTE, 69;69;7;CHAMBERÃ;Alcance;Despejado;Turismo;Conductor;De 30 a 34 aÃ±os;Hombre;;;440995.0;4477361.0;N;;https://datos.madrid.es/portal/site/egob/menuitem.c05c1f754a33a9fbe4b2e4b284f1a5a0/?vgnextoid=7c2843010d9c3610VgnVCM2000001f4a900aRCRD&vgnextchannel=374512b9ace9f310VgnVCM100000171f5a0aRCRD&vgnextfmt=default;https://datos.madrid.es/egob/catalogo/300228-30-accidentes-trafico-detalle.csv
2025S085124;23/07/2025;8:00:00;PLAZA. CUZCO / CALL. SOR ANGELA DE LA CRUZ;0;5;CHAMARTÃN;ColisiÃ³n lateral;;Turismo;Conductor;De 55 a 59 aÃ±os;Hombre;;;441468.0;4478972.0;N;;https://datos.madrid.es/portal/site/egob/menuitem.c05c1f754a33a9fbe4b2e4b284f1a5a0/?vgnextoid=7c2843010d9c3610VgnVCM2000001f4a900aRCRD&vgnextchannel=374512b9ace9f310VgnVCM100000171f5a0aRCRD&vgnextfmt=default;https://datos.madrid.es/egob/catalogo/300228-30-accidentes-trafico-detalle.csv
2025S085124;23/07/2025;8:00:00;PLAZA. CUZCO / CALL. SOR ANGELA DE LA CRUZ;0;5;CHAMARTÃN;ColisiÃ³n lateral;;Motocicleta > 125cc;Conductor;De 35 a 39 aÃ±os;Hombre;;;441468.0;4478972.0;N;;https://datos.madrid.es/portal/site/egob/menuitem.c05c1f754a33a9fbe4b2e4b284f1a5a0/?vgnextoid=7c2843010d9c3610VgnVCM2000001f4a900aRCRD&vgnextchannel=374512b9ace9f310VgnVCM100000171f5a0aRCRD&vgnextfmt=default;https://datos.madrid.es/egob/catalogo/300228-30-accidentes-trafico-detalle.csv
2025S007820;24/01/2025;8:00:00;AVDA. AMERICA, 19;19;5;CHAMARTÃN;ColisiÃ³n lateral;Lluvia dÃ©bil;Turismo;Conductor;De 45 a 49 aÃ±os;Mujer;;;442590.0;4476560.0;N;;https://datos.madrid.es/portal/site/egob/menuitem.c05c1f754a33a9fbe4b2e4b284f1a5a0/?vgnextoid=7c2843010d9c3610VgnVCM2000001f4a900aRCRD&vgnextchannel=374512b9ace9f310VgnVCM100000171f5a0aRCRD&vgnextfmt=default;https://datos.madrid.es/egob/catalogo/300228-30-accidentes-trafico-detalle.csv
2025S007820;24/01/2025;8:00:00;AVDA. AMERICA, 19;19;5;CHAMARTÃN;ColisiÃ³n lateral;Lluvia dÃ©bil;Maquinaria de obras;Conductor;De 40 a 44 aÃ±os;Hombre;;;442590.0;4476560.0;N;;https://datos.madrid.es/portal/site/egob/menuitem.c05c1f754a33a9fbe4b2e4b284f1a5a0/?vgnextoid=7c2843010d9c3610VgnVCM2000001f4a900aRCRD&vgnextchannel=374512b9ace9f310VgnVCM100000171f5a0aRCRD&vgnextfmt=default;https://datos.madrid.es/egob/catalogo/300228-30-accidentes-trafico-detalle.csv
2025S021885;24/02/2025;8:00:00;AUTOV. M-30 / AVDA. BETANZOS;28XC50;8;FUENCARRAL-EL PARDO;Alcance;Despejado;Turismo;Conductor;De 25 a 29 aÃ±os;Mujer;;;439315.0;4481187.0;N;;https://datos.madrid.es/portal/site/egob/menuitem.c05c1f754a33a9fbe4b2e4b284f1a5a0/?vgnextoid=7c2843010d9c3610VgnVCM2000001f4a900aRCRD&vgnextchannel=374512b9ace9f310VgnVCM100000171f5a0aRCRD&vgnextfmt=default;https://datos.madrid.es/egob/catalogo/300228-30-accidentes-trafico-detalle.csv
2025S021885;24/02/2025;8:00:00;AUTOV. M-30 / AVDA. BETANZOS;28XC50;8;FUENCARRAL-EL PARDO;Alcance;Despejado;Turismo;Conductor;De 35 a 39 aÃ±os;Mujer;;;439315.0;4481187.0;N;;https://datos.madrid.es/portal/site/egob/menuitem.c05c1f754a33a9fbe4b2e4b284f1a5a0/?vgnextoid=7c2843010d9c3610VgnVCM2000001f4a900aRCRD&vgnextchannel=374512b9ace9f310VgnVCM100000171f5a0aRCRD&vgnextfmt=default;https://datos.madrid.es/egob/catalogo/300228-30-accidentes-trafico-detalle.csv
2025S033054;24/03/2025;8:00:00;CALL. PORFIRIO, 17;17;6;TETUÃN;Choque contra obstÃ¡culo fijo;Despejado;Motocicleta hasta 125cc;Conductor;Desconocido;Desconocido;;;440216.0;4479388.0;N;;https://datos.madrid.es/portal/site/egob/menuitem.c05c1f754a33a9fbe4b2e4b284f1a5a0/?vgnextoid=7c2843010d9c3610VgnVCM2000001f4a900aRCRD&vgnextchannel=374512b9ace9f310VgnVCM100000171f5a0aRCRD&vgnextfmt=default;https://datos.madrid.es/egob/catalogo/300228-30-accidentes-trafico-detalle.csv
2025S033054;24/03/2025;8:00:00;CALL. PORFIRIO, 17;17;6;TETUÃN;Choque contra obstÃ¡culo fijo;Despejado;Turismo;Conductor;Desconocido;Desconocido;;;440216.0;4479388.0;N;;https://datos.madrid.es/portal/site/egob/menuitem.c05c1f754a33a9fbe4b2e4b284f1a5a0/?vgnextoid=7c2843010d9c3610VgnVCM2000001f4a900aRCRD&vgnextchannel=374512b9ace9f310VgnVCM100000171f5a0aRCRD&vgnextfmt=default;https://datos.madrid.es/egob/catalogo/300228-30-accidentes-trafico-detalle.csv
2025S047228;24/04/2025;8:00:00;AUTOV. A-2 / CALL. AGASTIA;+00500S;15;CIUDAD LINEAL;Alcance;Despejado;Turismo;Conductor;De 25 a 29 aÃ±os;Mujer;7.0;Asistencia sanitaria sÃ³lo en el lugar del accidente;444561.0;4477562.0;N;;https://datos.madrid.es/portal/site/egob/menuitem.c05c1f754a33a9fbe4b2e4b284f1a5a0/?vgnextoid=7c2843010d9c3610VgnVCM2000001f4a900aRCRD&vgnextchannel=374512b9ace9f310VgnVCM100000171f5a0aRCRD&vgnextfmt=default;https://datos.madrid.es/egob/catalogo/300228-30-accidentes-trafico-detalle.csv
2025S047228;24/04/2025;8:00:00;AUTOV. A-2 / CALL. AGASTIA;+00500S;15;CIUDAD LINEAL;Alcance;Despejado;Turismo;Conductor;Desconocido;Desconocido;;;444561.0;4477562.0;N;;https://datos.madrid.es/portal/site/egob/menuitem.c05c1f754a33a9fbe4b2e4b284f1a5a0/?vgnextoid=7c2843010d9c3610VgnVCM2000001f4a900aRCRD&vgnextchannel=374512b9ace9f310VgnVCM100000171f5a0aRCRD&vgnextfmt=default;https://datos.madrid.es/egob/catalogo/300228-30-accidentes-trafico-detalle.csv
2025S061730;25/05/2025;8:00:00;CALL. ANTONIO LOPEZ / CALL. DOCTOR TOLOSA LATOUR;239;12;USERA;ColisiÃ³n fronto-lateral;Despejado;Turismo;Conductor;De 35 a 39 aÃ±os;Hombre;1.0;AtenciÃ³n en urgencias sin posterior ingreso;440963.0;4470189.0;N;;https://datos.madrid.es/portal/site/egob/menuitem.c05c1f754a33a9fbe4b2e4b284f1a5a0/?vgnextoid=7c2843010d9c3610VgnVCM2000001f4a900aRCRD&vgnextchannel=374512b9ace9f310VgnVCM100000171f5a0aRCRD&vgnextfmt=default;https://datos.madrid.es/egob/catalogo/300228-30-accidentes-trafico-detalle.csv
2025S061730;25/05/2025;8:00:00;CALL. ANTONIO LOPEZ / CALL. DOCTOR TOLOSA LATOUR;239;12;USERA;ColisiÃ³n fronto-lateral;Despejado;Turismo;Pasajero;De 30 a 34 aÃ±os;Hombre;1.0;AtenciÃ³n en urgencias sin posterior ingreso;440963.0;4470189.0;N;;https://datos.madrid.es/portal/site/egob/menuitem.c05c1f754a33a9fbe4b2e4b284f1a5a0/?vgnextoid=7c2843010d9c3610VgnVCM2000001f4a900aRCRD&vgnextchannel=374512b9ace9f310VgnVCM100000171f5a0aRCRD&vgnextfmt=default;https://datos.madrid.es/egob/catalogo/300228-30-accidentes-trafico-detalle.csv
2025S061730;25/05/2025;8:00:00;CALL. ANTONIO LOPEZ / CALL. DOCTOR TOLOSA LATOUR;239;12;USERA;ColisiÃ³n fronto-lateral;Despejado;Turismo;Conductor;De 35 a 39 aÃ±os;Hombre;1.0;AtenciÃ³n en urgencias sin posterior ingreso;440963.0;4470189.0;N;;https://datos.madrid.es/portal/site/egob/menuitem.c05c1f754a33a9fbe4b2e4b284f1a5a0/?vgnextoid=7c2843010d9c3610VgnVCM2000001f4a900aRCRD&vgnextchannel=374512b9ace9f310VgnVCM100000171f5a0aRCRD&vgnextfmt=default;https://datos.madrid.es/egob/catalogo/300228-30-accidentes-trafico-detalle.csv
2025S074858;25/06/2025;8:00:00;CALL. ALCALA / CALL. RIOBAMBA;466;20;SAN BLAS-CANILLEJAS;ColisiÃ³n fronto-lateral;Despejado;Turismo;Conductor;De 45 a 49 aÃ±os;Mujer;7.0;Asistencia sanitaria sÃ³lo en el lugar del accidente;446297.0;4476704.0;N;;https://datos.madrid.es/portal/site/egob/menuitem.c05c1f754a33a9fbe4b2e4b284f1a5a0/?vgnextoid=7c2843010d9c3610VgnVCM2000001f4a900aRCRD&vgnextchannel=374512b9ace9f310VgnVCM100000171f5a0aRCRD&vgnextfmt=default;https://datos.madrid.es/egob/catalogo/300228-30-accidentes-trafico-detalle.csv
2025S074858;25/06/2025;8:00:00;CALL. ALCALA / CALL. RIOBAMBA;466;20;SAN BLAS-CANILLEJAS;ColisiÃ³n fronto-lateral;Despejado;Turismo;Conductor;De 45 a 49 aÃ±os;Hombre;14.0;Sin asistencia sanitaria;446297.0;4476704.0;N;;https://datos.madrid.es/portal/site/egob/menuitem.c05c1f754a33a9fbe4b2e4b284f1a5a0/?vgnextoid=7c2843010d9c3610VgnVCM2000001f4a900aRCRD&vgnextchannel=374512b9ace9f310VgnVCM100000171f5a0aRCRD&vgnextfmt=default;https://datos.madrid.es/egob/catalogo/300228-30-accidentes-trafico-detalle.csv
2025S074847;25/06/2025;8:00:00;PASEO. INFANTA ISABEL, 29;29;3;RETIRO;Alcance;Despejado;Turismo;Conductor;De 55 a 59 aÃ±os;Hombre;14.0;Sin asistencia sanitaria;441809.0;4473089.0;N;;https://datos.madrid.es/portal/site/egob/menuitem.c05c1f754a33a9fbe4b2e4b284f1a5a0/?vgnextoid=7c2843010d9c3610VgnVCM2000001f4a900aRCRD&vgnextchannel=374512b9ace9f310VgnVCM100000171f5a0aRCRD&vgnextfmt=default;https://datos.madrid.es/egob/catalogo/300228-30-accidentes-trafico-detalle.csv
2025S074847;25/06/2025;8:00:00;PASEO. INFANTA ISABEL, 29;29;3;RETIRO;Alcance;Despejado;AutobÃºs;Conductor;Desconocido;Desconocido;;;441809.0;4473089.0;N;;https://datos.madrid.es/portal/site/egob/menuitem.c05c1f754a33a9fbe4b2e4b284f1a5a0/?vgnextoid=7c2843010d9c3610VgnVCM2000001f4a900aRCRD&vgnextchannel=374512b9ace9f310VgnVCM100000171f5a0aRCRD&vgnextfmt=default;https://datos.madrid.es/egob/catalogo/300228-30-accidentes-trafico-detalle.csv
2025S048410;26/04/2025;8:00:00;CMNO. CHINA A VALLECAS / CTRA. VILLAVERDE A VALLECAS;281;18;VILLA DE VALLECAS;Choque contra obstÃ¡culo fijo;Se desconoce;Furgoneta;Conductor;De 55 a 59 aÃ±os;Hombre;;;444820.0;4468719.0;N;;https://datos.madrid.es/portal/site/egob/menuitem.c05c1f754a33a9fbe4b2e4b284f1a5a0/?vgnextoid=7c2843010d9c3610VgnVCM2000001f4a900aRCRD&vgnextchannel=374512b9ace9f310VgnVCM100000171f5a0aRCRD&vgnextfmt=default;https://datos.madrid.es/egob/catalogo/300228-30-accidentes-trafico-detalle.csv
2025S061895;26/05/2025;8:00:00;CALL. RESINA, 1;1;17;VILLAVERDE;ColisiÃ³n lateral;Despejado;Turismo;Conductor;De 65 a 69 aÃ±os;Hombre;14.0;Sin asistencia sanitaria;441136.0;4465295.0;N;;https://datos.madrid.es/portal/site/egob/menuitem.c05c1f754a33a9fbe4b2e4b284f1a5a0/?vgnextoid=7c2843010d9c3610VgnVCM2000001f4a900aRCRD&vgnextchannel=374512b9ace9f310VgnVCM100000171f5a0aRCRD&vgnextfmt=default;https://datos.madrid.es/egob/catalogo/300228-30-accidentes-trafico-detalle.csv
2025S061895;26/05/2025;8:00:00;CALL. RESINA, 1;1;17;VILLAVERDE;ColisiÃ³n lateral;Despejado;Turismo;Conductor;De 45 a 49 aÃ±os;Mujer;;;441136.0;4465295.0;N;;https://datos.madrid.es/portal/site/egob/menuitem.c05c1f754a33a9fbe4b2e4b284f1a5a0/?vgnextoid=7c2843010d9c3610VgnVCM2000001f4a900aRCRD&vgnextchannel=374512b9ace9f310VgnVCM100000171f5a0aRCRD&vgnextfmt=default;https://datos.madrid.es/egob/catalogo/300228-30-accidentes-trafico-detalle.csv
2025S075267;26/06/2025;8:00:00;CALL. OFELIA NIETO, 23;23;9;MONCLOA-ARAVACA;Choque contra obstÃ¡culo fijo;Despejado;Turismo;Conductor;Desconocido;Desconocido;;;439781.0;4479002.0;N;;https://datos.madrid.es/portal/site/egob/menuitem.c05c1f754a33a9fbe4b2e4b284f1a5a0/?vgnextoid=7c2843010d9c3610VgnVCM2000001f4a900aRCRD&vgnextchannel=374512b9ace9f310VgnVCM100000171f5a0aRCRD&vgnextfmt=default;https://datos.madrid.es/egob/catalogo/300228-30-accidentes-trafico-detalle.csv
2025S075267;26/06/2025;8:00:00;CALL. OFELIA NIETO, 23;23;9;MONCLOA-ARAVACA;Choque contra obstÃ¡culo fijo;Despejado;Ciclomotor;Conductor;Desconocido;Desconocido;;;439781.0;4479002.0;N;;https://datos.madrid.es/portal/site/egob/menuitem.c05c1f754a33a9fbe4b2e4b284f1a5a0/?vgnextoid=7c2843010d9c3610VgnVCM2000001f4a900aRCRD&vgnextchannel=374512b9ace9f310VgnVCM100000171f5a0aRCRD&vgnextfmt=default;https://datos.madrid.es/egob/catalogo/300228-30-accidentes-trafico-detalle.csv
2025S009279;27/01/2025;8:00:00;CALL. OCAÃA / CALL. VALMOJADO;2;10;LATINA;ColisiÃ³n frontal;Lluvia dÃ©bil;Turismo;Conductor;De 45 a 49 aÃ±os;Hombre;;;435448.0;4470901.0;N;;https://datos.madrid.es/portal/site/egob/menuitem.c05c1f754a33a9fbe4b2e4b284f1a5a0/?vgnextoid=7c2843010d9c3610VgnVCM2000001f4a900aRCRD&vgnextchannel=374512b9ace9f310VgnVCM100000171f5a0aRCRD&vgnextfmt=default;https://datos.madrid.es/egob/catalogo/300228-30-accidentes-trafico-detalle.csv
2025S009279;27/01/2025;8:00:00;CALL. OCAÃA / CALL. VALMOJADO;2;10;LATINA;ColisiÃ³n frontal;Lluvia dÃ©bil;Turismo;Conductor;De 45 a 49 aÃ±os;Hombre;;;435448.0;4470901.0;N;;https://datos.madrid.es/portal/site/egob/menuitem.c05c1f754a33a9fbe4b2e4b284f1a5a0/?vgnextoid=7c2843010d9c3610VgnVCM2000001f4a900aRCRD&vgnextchannel=374512b9ace9f310VgnVCM100000171f5a0aRCRD&vgnextfmt=default;https://datos.madrid.es/egob/catalogo/300228-30-accidentes-trafico-detalle.csv
2025S009279;27/01/2025;8:00:00;CALL. OCAÃA / CALL. VALMOJADO;2;10;LATINA;ColisiÃ³n frontal;Lluvia dÃ©bil;Turismo;Pasajero;De 55 a 59 aÃ±os;Hombre;;;435448.0;4470901.0;N;;https://datos.madrid.es/portal/site/egob/menuitem.c05c1f754a33a9fbe4b2e4b284f1a5a0/?vgnextoid=7c2843010d9c3610VgnVCM2000001f4a900aRCRD&vgnextchannel=374512b9ace9f310VgnVCM100000171f5a0aRCRD&vgnextfmt=default;https://datos.madrid.es/egob/catalogo/300228-30-accidentes-trafico-detalle.csv
2025S009281;27/01/2025;8:00:00;CALL. MESENA / CALL. GONZALEZ AMIGO;51;15;CIUDAD LINEAL;ColisiÃ³n fronto-lateral;Lluvia dÃ©bil;Motocicleta > 125cc;Conductor;De 35 a 39 aÃ±os;Hombre;7.0;Asistencia sanitaria sÃ³lo en el lugar del accidente;443776.0;4479760.0;N;;https://datos.madrid.es/portal/site/egob/menuitem.c05c1f754a33a9fbe4b2e4b284f1a5a0/?vgnextoid=7c2843010d9c3610VgnVCM2000001f4a900aRCRD&vgnextchannel=374512b9ace9f310VgnVCM100000171f5a0aRCRD&vgnextfmt=default;https://datos.madrid.es/egob/catalogo/300228-30-accidentes-trafico-detalle.csv
2025S009281;27/01/2025;8:00:00;CALL. MESENA / CALL. GONZALEZ AMIGO;51;15;CIUDAD LINEAL;ColisiÃ³n fronto-lateral;Lluvia dÃ©bil;Turismo;Conductor;De 50 a 54 aÃ±os;Hombre;14.0;Sin asistencia sanitaria;443776.0;4479760.0;N;;https://datos.madrid.es/portal/site/egob/menuitem.c05c1f754a33a9fbe4b2e4b284f1a5a0/?vgnextoid=7c2843010d9c3610VgnVCM2000001f4a900aRCRD&vgnextchannel=374512b9ace9f310VgnVCM100000171f5a0aRCRD&vgnextfmt=default;https://datos.madrid.es/egob/catalogo/300228-30-accidentes-trafico-detalle.csv
2025S023256;27/02/2025;8:00:00;CALL. ARIADNA / AUTOV. M-11;71;16;HORTALEZA;ColisiÃ³n fronto-lateral;Despejado;Motocicleta > 125cc;Conductor;De 50 a 54 aÃ±os;Hombre;6.0;Asistencia sanitaria inmediata en centro de salud o mutua;443809.0;4481664.0;N;;https://datos.madrid.es/portal/site/egob/menuitem.c05c1f754a33a9fbe4b2e4b284f1a5a0/?vgnextoid=7c2843010d9c3610VgnVCM2000001f4a900aRCRD&vgnextchannel=374512b9ace9f310VgnVCM100000171f5a0aRCRD&vgnextfmt=default;https://datos.madrid.es/egob/catalogo/300228-30-accidentes-trafico-detalle.csv
2025S023256;27/02/2025;8:00:00;CALL. ARIADNA / AUTOV. M-11;71;16;HORTALEZA;ColisiÃ³n fronto-lateral;Despejado;Motocicleta > 125cc;Conductor;De 30 a 34 aÃ±os;Hombre;6.0;Asistencia sanitaria inmediata en centro de salud o mutua;443809.0;4481664.0;N;;https://datos.madrid.es/portal/site/egob/menuitem.c05c1f754a33a9fbe4b2e4b284f1a5a0/?vgnextoid=7c2843010d9c3610VgnVCM2000001f4a900aRCRD&vgnextchannel=374512b9ace9f310VgnVCM100000171f5a0aRCRD&vgnextfmt=default;https://datos.madrid.es/egob/catalogo/300228-30-accidentes-trafico-detalle.csv
2025S009471;28/01/2025;8:00:00;AVDA. AMERICA, 66;66;4;SALAMANCA;ColisiÃ³n mÃºltiple;Nublado;Turismo;Conductor;De 45 a 49 aÃ±os;Mujer;14.0;Sin asistencia sanitaria;443837.0;4477249.0;N;;https://datos.madrid.es/portal/site/egob/menuitem.c05c1f754a33a9fbe4b2e4b284f1a5a0/?vgnextoid=7c2843010d9c3610VgnVCM2000001f4a900aRCRD&vgnextchannel=374512b9ace9f310VgnVCM100000171f5a0aRCRD&vgnextfmt=default;https://datos.madrid.es/egob/catalogo/300228-30-accidentes-trafico-detalle.csv
2025S009471;28/01/2025;8:00:00;AVDA. AMERICA, 66;66;4;SALAMANCA;ColisiÃ³n mÃºltiple;Nublado;Todo terreno;Pasajero;De 30 a 34 aÃ±os;Mujer;14.0;Sin asistencia sanitaria;443837.0;4477249.0;N;;https://datos.madrid.es/portal/site/egob/menuitem.c05c1f754a33a9fbe4b2e4b284f1a5a0/?vgnextoid=7c2843010d9c3610VgnVCM2000001f4a900aRCRD&vgnextchannel=374512b9ace9f310VgnVCM100000171f5a0aRCRD&vgnextfmt=default;https://datos.madrid.es/egob/catalogo/300228-30-accidentes-trafico-detalle.csv
2025S009471;28/01/2025;8:00:00;AVDA. AMERICA, 66;66;4;SALAMANCA;ColisiÃ³n mÃºltiple;Nublado;Turismo;Conductor;De 18 a 20 aÃ±os;Mujer;7.0;Asistencia sanitaria sÃ³lo en el lugar del accidente;443837.0;4477249.0;N;;https://datos.madrid.es/portal/site/egob/menuitem.c05c1f754a33a9fbe4b2e4b284f1a5a0/?vgnextoid=7c2843010d9c3610VgnVCM2000001f4a900aRCRD&vgnextchannel=374512b9ace9f310VgnVCM100000171f5a0aRCRD&vgnextfmt=default;https://datos.madrid.es/egob/catalogo/300228-30-accidentes-trafico-detalle.csv
2025S009471;28/01/2025;8:00:00;AVDA. AMERICA, 66;66;4;SALAMANCA;ColisiÃ³n mÃºltiple;Nublado;Turismo;Pasajero;De 21 a 24 aÃ±os;Mujer;7.0;Asistencia sanitaria sÃ³lo en el lugar del accidente;443837.0;4477249.0;N;;https://datos.madrid.es/portal/site/egob/menuitem.c05c1f754a33a9fbe4b2e4b284f1a5a0/?vgnextoid=7c2843010d9c3610VgnVCM2000001f4a900aRCRD&vgnextchannel=374512b9ace9f310VgnVCM100000171f5a0aRCRD&vgnextfmt=default;https://datos.madrid.es/egob/catalogo/300228-30-accidentes-trafico-detalle.csv
2025S009471;28/01/2025;8:00:00;AVDA. AMERICA, 66;66;4;SALAMANCA;ColisiÃ³n mÃºltiple;Nublado;Turismo;Pasajero;De 21 a 24 aÃ±os;Mujer;14.0;Sin asistencia sanitaria;443837.0;4477249.0;N;;https://datos.madrid.es/portal/site/egob/menuitem.c05c1f754a33a9fbe4b2e4b284f1a5a0/?vgnextoid=7c2843010d9c3610VgnVCM2000001f4a900aRCRD&vgnextchannel=374512b9ace9f310VgnVCM100000171f5a0aRCRD&vgnextfmt=default;https://datos.madrid.es/egob/catalogo/300228-30-accidentes-trafico-detalle.csv
2025S009471;28/01/2025;8:00:00;AVDA. AMERICA, 66;66;4;SALAMANCA;ColisiÃ³n mÃºltiple;Nublado;Turismo;Pasajero;De 25 a 29 aÃ±os;Mujer;14.0;Sin asistencia sanitaria;443837.0;4477249.0;N;;https://datos.madrid.es/portal/site/egob/menuitem.c05c1f754a33a9fbe4b2e4b284f1a5a0/?vgnextoid=7c2843010d9c3610VgnVCM2000001f4a900aRCRD&vgnextchannel=374512b9ace9f310VgnVCM100000171f5a0aRCRD&vgnextfmt=default;https://datos.madrid.es/egob/catalogo/300228-30-accidentes-trafico-detalle.csv
2025S009471;28/01/2025;8:00:00;AVDA. AMERICA, 66;66;4;SALAMANCA;ColisiÃ³n mÃºltiple;Nublado;Turismo;Pasajero;De 30 a 34 aÃ±os;Mujer;14.0;Sin asistencia sanitaria;443837.0;4477249.0;N;;https://datos.madrid.es/portal/site/egob/menuitem.c05c1f754a33a9fbe4b2e4b284f1a5a0/?vgnextoid=7c2843010d9c3610VgnVCM2000001f4a900aRCRD&vgnextchannel=374512b9ace9f310VgnVCM100000171f5a0aRCRD&vgnextfmt=default;https://datos.madrid.es/egob/catalogo/300228-30-accidentes-trafico-detalle.csv
2025S009471;28/01/2025;8:00:00;AVDA. AMERICA, 66;66;4;SALAMANCA;ColisiÃ³n mÃºltiple;Nublado;Todo terreno;Conductor;De 35 a 39 aÃ±os;Hombre;14.0;Sin asistencia sanitaria;443837.0;4477249.0;N;;https://datos.madrid.es/portal/site/egob/menuitem.c05c1f754a33a9fbe4b2e4b284f1a5a0/?vgnextoid=7c2843010d9c3610VgnVCM2000001f4a900aRCRD&vgnextchannel=374512b9ace9f310VgnVCM100000171f5a0aRCRD&vgnextfmt=default;https://datos.madrid.es/egob/catalogo/300228-30-accidentes-trafico-detalle.csv
2025S009471;28/01/2025;8:00:00;AVDA. AMERICA, 66;66;4;SALAMANCA;ColisiÃ³n mÃºltiple;Nublado;Turismo;Conductor;De 21 a 24 aÃ±os;Hombre;7.0;Asistencia sanitaria sÃ³lo en el lugar del accidente;443837.0;4477249.0;N;;https://datos.madrid.es/portal/site/egob/menuitem.c05c1f754a33a9fbe4b2e4b284f1a5a0/?vgnextoid=7c2843010d9c3610VgnVCM2000001f4a900aRCRD&vgnextchannel=374512b9ace9f310VgnVCM100000171f5a0aRCRD&vgnextfmt=default;https://datos.madrid.es/egob/catalogo/300228-30-accidentes-trafico-detalle.csv
2025S062869;28/05/2025;8:00:00;CALL. DOCTOR ESQUERDO, 105;105;3;RETIRO;Alcance;Despejado;Turismo;Conductor;De 35 a 39 aÃ±os;Mujer;14.0;Sin asistencia sanitaria;443204.0;4474036.0;N;;https://datos.madrid.es/portal/site/egob/menuitem.c05c1f754a33a9fbe4b2e4b284f1a5a0/?vgnextoid=7c2843010d9c3610VgnVCM2000001f4a900aRCRD&vgnextchannel=374512b9ace9f310VgnVCM100000171f5a0aRCRD&vgnextfmt=default;https://datos.madrid.es/egob/catalogo/300228-30-accidentes-trafico-detalle.csv
2025S062865;28/05/2025;8:00:00;PASEO. EMBARCADERO, 1;1;9;MONCLOA-ARAVACA;Atropello a animal;Despejado;Bicicleta;Conductor;De 35 a 39 aÃ±os;Mujer;14.0;Sin asistencia sanitaria;438257.0;4474443.0;N;;https://datos.madrid.es/portal/site/egob/menuitem.c05c1f754a33a9fbe4b2e4b284f1a5a0/?vgnextoid=7c2843010d9c3610VgnVCM2000001f4a900aRCRD&vgnextchannel=374512b9ace9f310VgnVCM100000171f5a0aRCRD&vgnextfmt=default;https://datos.madrid.es/egob/catalogo/300228-30-accidentes-trafico-detalle.csv
2025S062869;28/05/2025;8:00:00;CALL. DOCTOR ESQUERDO, 105;105;3;RETIRO;Alcance;Despejado;Motocicleta > 125cc;Conductor;De 25 a 29 aÃ±os;Hombre;1.0;AtenciÃ³n en urgencias sin posterior ingreso;443204.0;4474036.0;N;;https://datos.madrid.es/portal/site/egob/menuitem.c05c1f754a33a9fbe4b2e4b284f1a5a0/?vgnextoid=7c2843010d9c3610VgnVCM2000001f4a900aRCRD&vgnextchannel=374512b9ace9f310VgnVCM100000171f5a0aRCRD&vgnextfmt=default;https://datos.madrid.es/egob/catalogo/300228-30-accidentes-trafico-detalle.csv
2025S096187;28/08/2025;8:00:00;CALL. CEA BERMUDEZ, 61;61;7;CHAMBERÃ;Otro;Despejado;Turismo;Conductor;De 55 a 59 aÃ±os;Hombre;;;439257.0;4476742.0;N;;https://datos.madrid.es/portal/site/egob/menuitem.c05c1f754a33a9fbe4b2e4b284f1a5a0/?vgnextoid=7c2843010d9c3610VgnVCM2000001f4a900aRCRD&vgnextchannel=374512b9ace9f310VgnVCM100000171f5a0aRCRD&vgnextfmt=default;https://datos.madrid.es/egob/catalogo/300228-30-accidentes-trafico-detalle.csv
2025S096187;28/08/2025;8:00:00;CALL. CEA BERMUDEZ, 61;61;7;CHAMBERÃ;Otro;Despejado;Turismo;Conductor;De 30 a 34 aÃ±os;Hombre;;;439257.0;4476742.0;N;;https://datos.madrid.es/portal/site/egob/menuitem.c05c1f754a33a9fbe4b2e4b284f1a5a0/?vgnextoid=7c2843010d9c3610VgnVCM2000001f4a900aRCRD&vgnextchannel=374512b9ace9f310VgnVCM100000171f5a0aRCRD&vgnextfmt=default;https://datos.madrid.es/egob/catalogo/300228-30-accidentes-trafico-detalle.csv
2025S063220;29/05/2025;8:00:00;AVDA. DOCTOR FEDERICO RUBIO Y GALI / CALLE  ALMANSA;18;6;TETUÃN;Atropello a persona;Despejado;Turismo;Conductor;De 25 a 29 aÃ±os;Mujer;14.0;Sin asistencia sanitaria;439856.0;4477892.0;N;;https://datos.madrid.es/portal/site/egob/menuitem.c05c1f754a33a9fbe4b2e4b284f1a5a0/?vgnextoid=7c2843010d9c3610VgnVCM2000001f4a900aRCRD&vgnextchannel=374512b9ace9f310VgnVCM100000171f5a0aRCRD&vgnextfmt=default;https://datos.madrid.es/egob/catalogo/300228-30-accidentes-trafico-detalle.csv
2025S063220;29/05/2025;8:00:00;AVDA. DOCTOR FEDERICO RUBIO Y GALI / CALLE  ALMANSA;18;6;TETUÃN;Atropello a persona;Despejado;Turismo;Pasajero;De 25 a 29 aÃ±os;Mujer;14.0;Sin asistencia sanitaria;439856.0;4477892.0;N;;https://datos.madrid.es/portal/site/egob/menuitem.c05c1f754a33a9fbe4b2e4b284f1a5a0/?vgnextoid=7c2843010d9c3610VgnVCM2000001f4a900aRCRD&vgnextchannel=374512b9ace9f310VgnVCM100000171f5a0aRCRD&vgnextfmt=default;https://datos.madrid.es/egob/catalogo/300228-30-accidentes-trafico-detalle.csv
2025S063220;29/05/2025;8:00:00;AVDA. DOCTOR FEDERICO RUBIO Y GALI / CALLE  ALMANSA;18;6;TETUÃN;Atropello a persona;Despejado;Turismo;PeatÃ³n;De 55 a 59 aÃ±os;Mujer;7.0;Asistencia sanitaria sÃ³lo en el lugar del accidente;439856.0;4477892.0;N;;https://datos.madrid.es/portal/site/egob/menuitem.c05c1f754a33a9fbe4b2e4b284f1a5a0/?vgnextoid=7c2843010d9c3610VgnVCM2000001f4a900aRCRD&vgnextchannel=374512b9ace9f310VgnVCM100000171f5a0aRCRD&vgnextfmt=default;https://datos.madrid.es/egob/catalogo/300228-30-accidentes-trafico-detalle.csv
2025S063728;30/05/2025;8:00:00;CTRA. FUENCARRAL A HORTALEZA, 4;4;8;FUENCARRAL-EL PARDO;CaÃ­da;Despejado;Turismo;Conductor;De 25 a 29 aÃ±os;Mujer;14.0;Sin asistencia sanitaria;442769.0;4482754.0;N;;https://datos.madrid.es/portal/site/egob/menuitem.c05c1f754a33a9fbe4b2e4b284f1a5a0/?vgnextoid=7c2843010d9c3610VgnVCM2000001f4a900aRCRD&vgnextchannel=374512b9ace9f310VgnVCM100000171f5a0aRCRD&vgnextfmt=default;https://datos.madrid.es/egob/catalogo/300228-30-accidentes-trafico-detalle.csv
2025S063728;30/05/2025;8:00:00;CTRA. FUENCARRAL A HORTALEZA, 4;4;8;FUENCARRAL-EL PARDO;CaÃ­da;Despejado;Motocicleta > 125cc;Conductor;De 60 a 64 aÃ±os;Hombre;7.0;Asistencia sanitaria sÃ³lo en el lugar del accidente;442769.0;4482754.0;N;;https://datos.madrid.es/portal/site/egob/menuitem.c05c1f754a33a9fbe4b2e4b284f1a5a0/?vgnextoid=7c2843010d9c3610VgnVCM2000001f4a900aRCRD&vgnextchannel=374512b9ace9f310VgnVCM100000171f5a0aRCRD&vgnextfmt=default;https://datos.madrid.es/egob/catalogo/300228-30-accidentes-trafico-detalle.csv
2025S087413;30/07/2025;8:00:00;CALL. VELAZQUEZ / CALL. JORGE JUAN;20;4;SALAMANCA;ColisiÃ³n fronto-lateral;Despejado;Motocicleta hasta 125cc;Conductor;De 25 a 29 aÃ±os;Hombre;7.0;Asistencia sanitaria sÃ³lo en el lugar del accidente;441962.0;4475017.0;N;;https://datos.madrid.es/portal/site/egob/menuitem.c05c1f754a33a9fbe4b2e4b284f1a5a0/?vgnextoid=7c2843010d9c3610VgnVCM2000001f4a900aRCRD&vgnextchannel=374512b9ace9f310VgnVCM100000171f5a0aRCRD&vgnextfmt=default;https://datos.madrid.es/egob/catalogo/300228-30-accidentes-trafico-detalle.csv
2025S087413;30/07/2025;8:00:00;CALL. VELAZQUEZ / CALL. JORGE JUAN;20;4;SALAMANCA;ColisiÃ³n fronto-lateral;Despejado;Turismo;Conductor;De 40 a 44 aÃ±os;Hombre;14.0;Sin asistencia sanitaria;441962.0;4475017.0;N;;https://datos.madrid.es/portal/site/egob/menuitem.c05c1f754a33a9fbe4b2e4b284f1a5a0/?vgnextoid=7c2843010d9c3610VgnVCM2000001f4a900aRCRD&vgnextchannel=374512b9ace9f310VgnVCM100000171f5a0aRCRD&vgnextfmt=default;https://datos.madrid.es/egob/catalogo/300228-30-accidentes-trafico-detalle.csv
2025S087800;31/07/2025;8:00:00;AVDA. DAROCA / CALL. LAGO CONSTANZA;89;15;CIUDAD LINEAL;Alcance;Despejado;Furgoneta;Conductor;De 50 a 54 aÃ±os;Hombre;14.0;Sin asistencia sanitaria;445263.0;4475282.0;N;;https://datos.madrid.es/portal/site/egob/menuitem.c05c1f754a33a9fbe4b2e4b284f1a5a0/?vgnextoid=7c2843010d9c3610VgnVCM2000001f4a900aRCRD&vgnextchannel=374512b9ace9f310VgnVCM100000171f5a0aRCRD&vgnextfmt=default;https://datos.madrid.es/egob/catalogo/300228-30-accidentes-trafico-detalle.csv
2025S087800;31/07/2025;8:00:00;AVDA. DAROCA / CALL. LAGO CONSTANZA;89;15;CIUDAD LINEAL;Alcance;Despejado;Furgoneta;Conductor;De 60 a 64 aÃ±os;Hombre;2.0;Ingreso inferior o igual a 24 horas;445263.0;4475282.0;N;;https://datos.madrid.es/portal/site/egob/menuitem.c05c1f754a33a9fbe4b2e4b284f1a5a0/?vgnextoid=7c2843010d9c3610VgnVCM2000001f4a900aRCRD&vgnextchannel=374512b9ace9f310VgnVCM100000171f5a0aRCRD&vgnextfmt=default;https://datos.madrid.es/egob/catalogo/300228-30-accidentes-trafico-detalle.csv
2025S087800;31/07/2025;8:00:00;AVDA. DAROCA / CALL. LAGO CONSTANZA;89;15;CIUDAD LINEAL;Alcance;Despejado;Turismo;Conductor;Desconocido;Desconocido;;;445263.0;4475282.0;N;;https://datos.madrid.es/portal/site/egob/menuitem.c05c1f754a33a9fbe4b2e4b284f1a5a0/?vgnextoid=7c2843010d9c3610VgnVCM2000001f4a900aRCRD&vgnextchannel=374512b9ace9f310VgnVCM100000171f5a0aRCRD&vgnextfmt=default;https://datos.madrid.es/egob/catalogo/300228-30-accidentes-trafico-detalle.csv
